Map,Method,R,Loss,SR,Regret,OOS loss,Future loss
Baseline,Holdout,100,0.9920840328872932,0.0957399936003542,0.0062997191618029,0.9916935494922208,0.9923185405946175
Baseline,Rolling,100,0.9902037687184244,0.1020054762282929,0.0044194549929342,0.9899116032890616,0.9900408382436248
Baseline,Theory a=1,100,0.9889971674251996,0.1074874494712729,0.0032128536997093,0.988315970677358,0.9888332723385518
Baseline,Plugin oracle,100,0.988945387597128,0.1073761931854892,0.0031610738716376,0.9882075725285278,0.9887378197413992
Baseline,Crossfit oracle,100,0.988945387597128,0.1073761931854892,0.0031610738716376,0.9882075725285278,0.9887378197413992
Baseline,Zero,100,1.0,0.0,0.0142156862745098,1.0,1.0
Baseline,Affine,100,0.9985082157900343,0.0521578277659532,0.0127239020645442,0.9984199834762092,0.998808428305348
Baseline,Equal weight,100,0.9991583593539448,0.0297175398619893,0.0133740456284546,0.999028579174664,0.999210645857157
Rich6D,Holdout,100,0.9923433609304813,0.0940480984117805,0.0065590472049911,0.9921820467009808,0.9925636221665726
Rich6D,Rolling,100,0.9903984514083044,0.1011651942241198,0.0046141376828141,0.9902327741788336,0.990268451877143
Rich6D,Theory a=1,100,0.989258693440086,0.1063856355189323,0.0034743797145957,0.9886553117113028,0.989059769575008
Rich6D,Plugin oracle,100,0.9891731573548316,0.1063519635461615,0.0033888436293412,0.9885267422595532,0.988934245053665
Rich6D,Crossfit oracle,100,0.9891731573548316,0.1063519635461615,0.0033888436293412,0.9885267422595532,0.988934245053665
Rich6D,Zero,100,1.0,0.0,0.0142156862745098,1.0,1.0
Rich6D,Affine,100,0.9985537617794684,0.0513095232866245,0.0127694480539783,0.9985038036990094,0.9987236236494508
Rich6D,Equal weight,100,0.9991583593539448,0.0297175398619893,0.0133740456284546,0.999028579174664,0.999210645857157
