T,lambda,Max regret512,Same lambda regret1024,C512,C1024,Payoff error,Rank pass
60,1e-12,0.81043339584412,0.6546379579273574,59.99875217446024,59.99904204457806,0.0241464479449755,False
90,1e-12,0.971367792992834,0.7424095217163403,89.99612112053755,89.99722730504944,0.0514149522015866,False
120,1e-12,1.1223261501183803,0.8204798132238708,119.9909271677348,119.99394747610106,0.0904908003893372,False
180,1e-12,1.4256646158635788,0.9637283114745736,179.9670517624596,179.98092834128846,0.2052968673601848,False
240,1e-12,1.8665490658642951,1.1287145955149671,239.9079129734686,239.95473298263812,0.4184848457293567,False
360,1e-12,3.460332898426019,1.4563675720547735,359.45349528493324,359.832265049029,1.5735223093012536,False
540,1e-12,12.39319593345192,2.1676055792002806,504.6703496078603,539.2495712001808,10.189391618827225,False
720,1e-12,2.419231497743607,3.3840726145938422,510.3678997484426,717.1889503727166,2.784093049628892,False
1080,1e-12,0.8905004791847321,8.642575057381906,511.1066604397635,994.0487847315976,7.777690273877047,False
1440,1e-12,0.5545715198832439,2.411528905790178,511.27421135694544,1015.6399582043564,1.845742124748333,False
