environment,T,benchmark,oos_loss,oos_sharpe,regret
heteroskedastic,60,oracle,0.9999657766891472,0.013264205670865427,0.014124163664644649
heteroskedastic,60,low_complexity,0.9999857250454454,0.01289890308095905,0.014183481942445272
heteroskedastic,60,high_complexity,2.0548181958910283,0.009906050065957841,1.064338194152796
heteroskedastic,60,validation,1.056572078976396,0.02592141971048161,0.07052602678922808
heteroskedastic,60,linear_validation,1.0408194621698075,0.01571884905595958,
heteroskedastic,60,equal_weight,0.9990060899143929,0.03292284117757001,
heteroskedastic,90,oracle,0.9999273552791001,0.015320646932463424,0.014071813661734352
heteroskedastic,90,low_complexity,0.9999822074776076,0.014394877060682867,0.014182337009720198
heteroskedastic,90,high_complexity,2.385703081442875,0.009835255844907685,1.4102582808148538
heteroskedastic,90,validation,1.0288776960217412,0.030483542760530634,0.042976714371466065
heteroskedastic,90,linear_validation,1.0256988873660717,0.016242184670050504,
heteroskedastic,90,equal_weight,0.9990060899143929,0.03292284117757001,
heteroskedastic,120,oracle,0.9997824095216763,0.02281889115037542,0.014019017880689743
heteroskedastic,120,low_complexity,0.9999753974447999,0.021321999222298545,0.014182330630005291
heteroskedastic,120,high_complexity,2.833565469183632,0.008486680425906617,1.8570653690006813
heteroskedastic,120,validation,1.0195182097342361,0.035310352627936775,0.03333732646279907
heteroskedastic,120,linear_validation,1.0130037671759742,0.019899054665353987,
heteroskedastic,120,equal_weight,0.9990060899143929,0.03292284117757001,
heteroskedastic,180,oracle,0.9995348367065812,0.03211128537156649,0.013886560306672702
heteroskedastic,180,low_complexity,0.9999713159591233,0.028350161905094654,0.014181303424992657
heteroskedastic,180,high_complexity,4.4876112564056925,0.010841275134725997,3.5271267351102544
heteroskedastic,180,validation,1.0109418921464624,0.0475279717382578,0.026424200875921847
heteroskedastic,180,linear_validation,1.0070504773666291,0.031189877217861726,
heteroskedastic,180,equal_weight,0.9990060899143929,0.03292284117757001,
heteroskedastic,240,oracle,0.9965204853016162,0.07673447496548537,0.011384020933673675
heteroskedastic,240,low_complexity,0.999971214313689,0.031857402919700635,0.014180706258709016
heteroskedastic,240,high_complexity,16.46229892467747,0.0007315706363153916,15.47221779275348
heteroskedastic,240,validation,1.006766096342254,0.059874649465551426,0.02186781185720565
heteroskedastic,240,linear_validation,1.0071832386453388,0.033312725951811714,
heteroskedastic,240,equal_weight,0.9990060899143929,0.03292284117757001,
heteroskedastic,360,oracle,0.9941393655058102,0.08548080725807207,0.008751605698109873
heteroskedastic,360,low_complexity,0.9999727727907199,0.03614506218244757,0.014179873500806366
heteroskedastic,360,high_complexity,3.508532385059041,0.010917363860103575,2.5297510261844276
heteroskedastic,360,validation,1.0010377831491395,0.06730469604106046,0.0161309277827005
heteroskedastic,360,linear_validation,1.0032231005315455,0.04027976385149213,
heteroskedastic,360,equal_weight,0.9990060899143929,0.03292284117757001,
heteroskedastic,540,oracle,0.9918397429619502,0.09691115464462888,0.0064000443242829075
heteroskedastic,540,low_complexity,0.9999739914348689,0.03828378969005732,0.01418029400706092
heteroskedastic,540,high_complexity,1.8920116711444857,0.016714966588039292,0.9150172485390301
heteroskedastic,540,validation,0.9982575842103759,0.07575912609508796,0.01256637821020248
heteroskedastic,540,linear_validation,1.0010967808048965,0.0441950695875866,
heteroskedastic,540,equal_weight,0.9990060899143929,0.03292284117757001,
heteroskedastic,720,oracle,0.9906680929971472,0.10082391114942045,0.005242893566775115
heteroskedastic,720,low_complexity,0.999974305910959,0.04250013139069642,0.014180548828081055
heteroskedastic,720,high_complexity,1.540550982048797,0.017951679534727275,0.5550120858037648
heteroskedastic,720,validation,0.9961432717787357,0.07783856611115095,0.010304526633738719
heteroskedastic,720,linear_validation,0.9995925512877519,0.04700827246414312,
heteroskedastic,720,equal_weight,0.9990060899143929,0.03292284117757001,
heteroskedastic,1080,oracle,0.9891283373741708,0.10789637217447194,0.003846681653832806
heteroskedastic,1080,low_complexity,0.9999733947608547,0.046918150383036254,0.014179953649053001
heteroskedastic,1080,high_complexity,1.2924712810019128,0.027701141440062263,0.3093681113389698
heteroskedastic,1080,validation,0.9929856040890951,0.09358893719251242,0.007627556244656092
heteroskedastic,1080,linear_validation,0.9984596276388842,0.05368969179581047,
heteroskedastic,1080,equal_weight,0.9990060899143929,0.03292284117757001,
heteroskedastic,1440,oracle,0.9884607974716804,0.11056555729518404,0.0030756120192857463
heteroskedastic,1440,low_complexity,0.9999739303561634,0.04978338246016325,0.014180272923408234
heteroskedastic,1440,high_complexity,1.1975313471459554,0.03204977680011154,0.2140879355244482
heteroskedastic,1440,validation,0.991830559426106,0.09652257340073078,0.006410523417057025
heteroskedastic,1440,linear_validation,0.9977338793618009,0.05607614854948535,
heteroskedastic,1440,equal_weight,0.9990060899143929,0.03292284117757001,
