environment,T,oracle_lambda,oracle_population_complexity,selected_population_complexity,selected_lambda_mean,selected_lambda_mcse,selected_lambda_median,boundary_selection_frequency,oracle_on_boundary,replications,oracle_complexity,oracle_complexity_mcse,selected_complexity,selected_complexity_mcse,oracle_population_loss,oracle_population_loss_mcse,selected_population_loss,selected_population_loss_mcse,oracle_population_sharpe,oracle_population_sharpe_mcse,selected_population_sharpe,selected_population_sharpe_mcse,oracle_oos_loss,oracle_oos_loss_mcse,selected_oos_loss,selected_oos_loss_mcse,oracle_oos_sharpe,oracle_oos_sharpe_mcse,selected_oos_sharpe,selected_oos_sharpe_mcse,oracle_regret,oracle_regret_mcse,selected_regret,selected_regret_mcse,oracle_estimation_signed,oracle_estimation_signed_mcse,selected_estimation_signed,selected_estimation_signed_mcse,oracle_estimation_norm,oracle_estimation_norm_mcse,selected_estimation_norm,selected_estimation_norm_mcse,oracle_cross_term,oracle_cross_term_mcse,selected_cross_term,selected_cross_term_mcse,selected_oracle_regret_ratio
heteroskedastic,60,0.00143844988828766,0.0818372920812616,9.600917972397909,0.0031073459582931897,0.0003251881722896357,1.8329807108324338e-05,0.31,False,200,0.08135300824163513,0.0008115994741862937,6.126708040709197,0.7250616710088689,0.9999193584951277,2.849070480579333e-05,1.0563212216197109,0.010205543105318689,0.016317248489704065,0.0022388564979771933,0.028543915499876317,0.002864235588366631,0.9999657766891472,5.860584784491213e-05,1.056572078976396,0.009378942733619076,0.013264205670865427,0.0036871732728595225,0.02592141971048161,0.003967628639557178,0.014124163664644649,2.8490704805793328e-05,0.07052602678922808,0.010205543105318689,8.331431397835431e-05,2.8490704805793324e-05,0.06286625022080905,0.010396818289112724,7.490095154109215e-05,6.450269650462967e-06,0.06344651893458426,0.010386277950271148,8.413362437314314e-06,2.7444006580218355e-05,-0.00058026871377526,0.0002900130572044937,4.993288697564979
heteroskedastic,90,0.0006951927961775591,0.16038161150812066,6.91515128068029,0.0035141803686150243,0.0003344124905277162,3.064205829911184e-05,0.345,False,200,0.16022590578303786,0.0012020616829346376,5.825828511721472,0.6575049605307881,0.9998670084922173,4.454032115855217e-05,1.028771909201949,0.004309454856108511,0.017872459266806414,0.0023068339582173326,0.032440816176123315,0.0029323905548573545,0.9999273552791001,8.604714836957693e-05,1.0288776960217412,0.004432198265587459,0.015320646932463424,0.003563621990750108,0.030483542760530634,0.004081489551763949,0.014071813661734352,4.4540321158552176e-05,0.042976714371466065,0.004309454856108511,0.00019253516598724595,4.4540321158552176e-05,0.03482340597771477,0.004566190467124534,0.0001805975027448911,1.6525402807071313e-05,0.03540494676930736,0.004559380224879189,1.1937663242340512e-05,4.128106950364247e-05,-0.0005815407915925955,0.00021112919538095968,3.0540991662171555
heteroskedastic,120,0.0005455594781168515,0.19888471310421618,6.389965954660006,0.003945367678408088,0.00034348018924624304,4.312810214651999e-05,0.39,False,200,0.19750007857637322,0.001218413515514076,5.535397805297149,0.7189488530418491,0.9998142127111725,4.423682870975162e-05,1.019132521293282,0.0036106915867702523,0.022045213319752958,0.002190944557663846,0.03571180120989306,0.0028481177067511097,0.9997824095216763,8.57282054130714e-05,1.0195182097342361,0.003780438844816199,0.02281889115037542,0.0034368215440852144,0.035310352627936775,0.003756231693299543,0.014019017880689743,4.423682870975162e-05,0.03333732646279907,0.0036106915867702523,0.00022072289615319152,4.423682870975162e-05,0.02476319728661986,0.0038352292376241885,0.00020172212539038613,1.9386004405522646e-05,0.02546397924983472,0.003832042614828026,1.9000770762778852e-05,4.1729108120765636e-05,-0.0007007819632148621,0.0001923352874059018,2.3780072717304255
heteroskedastic,180,0.00026366508987303556,0.3645344880222654,6.923770061010146,0.003525270650571248,0.0003368912066058924,2.3357214690901213e-05,0.35,False,200,0.3623319611878585,0.001606902746390239,6.32606786654417,0.751474619025043,0.9996817551371555,6.890973832111147e-05,1.0122193957064047,0.002217208491105969,0.028833930463376296,0.002170385920966918,0.044583969090462965,0.002491245656260888,0.9995348367065812,0.0001241103667653045,1.0109418921464624,0.0021687193923576467,0.03211128537156649,0.0033184153641839637,0.0475279717382578,0.0035376412478608584,0.013886560306672702,6.890973832111147e-05,0.026424200875921847,0.002217208491105969,0.0004529710989836999,6.890973832111146e-05,0.01836442108973251,0.0024509137572685537,0.0004356212902522769,4.612027081204052e-05,0.01863226630626811,0.0024454618697129196,1.7349808731440007e-05,5.6044959433987574e-05,-0.00026784521653561144,0.00015321652111102276,1.9028614928654881
heteroskedastic,240,3.359818286283781e-06,4.219737593652378,7.8452875352497085,0.0026329148136416012,0.0003096902520598833,6.951927961775606e-06,0.26,False,200,4.166222836688989,0.0035148403528194633,7.341509904770448,0.7858912809403439,0.9971792157641566,0.0005591164139206952,1.0076630066876886,0.0017413065013457071,0.07196194910760008,0.0024943050921888573,0.052814652190986695,0.0024884345458363083,0.9965204853016162,0.0008211205949058232,1.006766096342254,0.001852543281196251,0.07673447496548537,0.00366107286107568,0.059874649465551426,0.0034540496966012114,0.011384020933673675,0.0005591164139206953,0.02186781185720565,0.0017413065013457071,0.007921349924443974,0.0005591164139206953,0.015047717121780714,0.001930839392086817,0.00781903138539335,0.00047527910991188455,0.015194567627286347,0.0019308226536111585,0.00010231853905065633,0.00023095615319055116,-0.00014685050550563517,0.00014107589604098403,1.9209216132518838
heteroskedastic,360,2.6366508987303555e-06,4.825074639870072,7.499594217955294,0.0024018151760493794,0.00029753504985160877,4.281332398719387e-06,0.23,False,200,4.7783080338099095,0.003366971610170248,7.214168657564877,0.7156191111453959,0.9945468005285929,0.000428715758129562,1.0019261226131835,0.001164648362354347,0.081857708546733,0.0021323306898989865,0.0626599669269852,0.0024643361032403313,0.9941393655058102,0.0007143435300748478,1.0010377831491395,0.0012965698244800934,0.08548080725807207,0.0033578916634531388,0.06730469604106046,0.003576641096781751,0.008751605698109873,0.000428715758129562,0.0161309277827005,0.001164648362354347,0.005984980675408788,0.000428715758129562,0.009819052627592972,0.0013038323073883474,0.005846242689749616,0.0003642037995430971,0.009999271338878242,0.0013047599001505597,0.00013873798565913043,0.00020306755934297978,-0.0001802187112852819,0.00012109201009443202,1.8431963618041403
heteroskedastic,540,1.6237767391887209e-06,6.381631660388172,8.975202713089086,0.0018174513091137757,0.0002718060539092669,2.06913808111479e-06,0.18,False,200,6.331883000497177,0.0036806247465711716,8.755632253645256,0.7681960982796718,0.9921952391547658,0.00028863692295752567,0.9983615730406854,0.0007824120750079173,0.09333178002612495,0.0013683851818571953,0.07212127661766767,0.0023395536992026926,0.9918397429619502,0.0007115955836408597,0.9982575842103759,0.0012291128815815101,0.09691115464462888,0.0030833913801071675,0.07575912609508796,0.0036621823378130917,0.0064000443242829075,0.00028863692295752567,0.01256637821020248,0.0007824120750079173,0.004761024503145896,0.00028863692295752567,0.007375808629741787,0.0008786275094549527,0.004811205717373843,0.00024874297630166276,0.007661655362638081,0.0008763175840225743,-5.0181214227981525e-05,0.0001569998679000899,-0.00028584673289630005,9.378150925099362e-05,1.9634829969104126
heteroskedastic,720,1.6237767391887209e-06,6.381631660388172,8.620218295760731,0.0020071327857834817,0.0002816967459994633,2.06913808111479e-06,0.195,False,200,6.345069252715364,0.003247921640929848,8.470585482709023,0.7454994121523324,0.9910380883972582,0.00023422712435233764,0.9960997214642217,0.0005460718462694742,0.09783376556381775,0.0011524670144830852,0.07648259715640433,0.0021692534377021847,0.9906680929971472,0.000617572572306836,0.9961432717787357,0.0008047237352301006,0.10082391114942045,0.002993886687272914,0.07783856611115095,0.003417687073678858,0.005242893566775115,0.00023422712435233764,0.010304526633738719,0.0005460718462694742,0.0036038737456381043,0.00023422712435233764,0.0050457888545740286,0.0006023233331545876,0.0035906938444797364,0.00018002401861863225,0.005272178805462897,0.0005914313218462628,1.3179901158340661e-05,0.0001320612739412131,-0.0002263899508888778,9.170649709687342e-05,1.9654273928122095
heteroskedastic,1080,1.2742749857031322e-06,7.375649011175239,10.161933009463747,0.001052904051866482,0.00021506265974467702,1.2742749857031322e-06,0.1,False,200,7.340723264544266,0.0028503142102058454,10.047150761638605,0.7431556331170459,0.9896418764843156,0.00015646677208178906,0.993422751075139,0.00044219923673770187,0.1045629151131302,0.0007412549787594051,0.09092181080884798,0.0018657973651290424,0.9891283373741708,0.0005998378189175074,0.9929856040890951,0.0008599295119099919,0.10789637217447194,0.0028423866127006937,0.09358893719251242,0.003413836115390573,0.003846681653832806,0.0001564667720817891,0.007627556244656092,0.00044219923673770187,0.002626607251804824,0.0001564667720817891,0.004058425115266161,0.0004419735053970638,0.0026896478652026785,0.00011513359952921429,0.004230447984130671,0.0004352693165579151,-6.304061339782486e-05,0.00010475338535938936,-0.00017202286886451118,7.861498823701151e-05,1.9828925112781428
heteroskedastic,1440,1e-06,8.54601712131364,10.394488947773825,0.0007344491064184331,0.000180836693793405,1.2742749857031322e-06,0.07,False,200,8.513245725321026,0.002722794029539922,10.305571945984921,0.8919705053092706,0.9888708068497687,0.00012887171790878707,0.99220571824754,0.00043390239230759126,0.10796230312683808,0.0005844622524194304,0.09547305172475226,0.0017117497921857944,0.9884607974716804,0.0005867847105134439,0.991830559426106,0.0006805493176267599,0.11056555729518404,0.0027920939829635676,0.09652257340073078,0.0033704871874690955,0.0030756120192857463,0.00012887171790878704,0.006410523417057025,0.00043390239230759126,0.0021829594167740453,0.00012887171790878704,0.003076924498155331,0.0004172200687581981,0.0022367444699582326,9.351789919466874e-05,0.003202291412421072,0.0004123813718905595,-5.378505318418336e-05,8.316199663486016e-05,-0.00012536691426574424,7.135707771568606e-05,2.084308221212424
