replication,T,policy,original_regret,larger_quadrature_regret,difference
0,60,oracle,0.01538375606389053,0.015385858413238696,2.1023493481653333e-06
0,60,selected,0.4802572513790426,0.48076765451048153,0.0005104031314389079
0,90,oracle,0.01543548274189055,0.015439790244119678,4.307502229128346e-06
0,90,selected,0.02792160344102368,0.02795110613997398,2.950269895030111e-05
0,120,oracle,0.015888149690739706,0.01589643139284802,8.281702108314803e-06
0,120,selected,0.0458577457477336,0.04639408720272553,0.0005363414549919288
0,180,oracle,0.02202795626298104,0.02199874451466055,-2.9211748320490116e-05
0,180,selected,0.03693449260449566,0.035957232894488156,-0.0009772597100075053
0,240,oracle,0.014896930876980852,0.014866661635789091,-3.0269241191760443e-05
0,240,selected,0.016339644320999103,0.01634461442645141,4.9701054523065835e-06
0,360,oracle,0.008316829978978424,0.008304449183375917,-1.2380795602506822e-05
0,360,selected,0.02607048399036871,0.025809158930353515,-0.00026132506001519396
0,540,oracle,0.004684975562891158,0.00478771729190286,0.00010274172901170164
0,540,selected,0.006803932420682335,0.006712362454431409,-9.156996625092617e-05
0,720,oracle,0.004742858215816659,0.004942362839586378,0.00019950462376971956
0,720,selected,0.00834005323083542,0.008443726468972401,0.00010367323813698093
0,1080,oracle,0.0029419178401906,0.0030019361183915017,6.0018278200901776e-05
0,1080,selected,0.0029917254244359315,0.0030451083510243393,5.338292658840782e-05
0,1440,oracle,0.0015542262426309073,0.0015901732516855338,3.5947009054626555e-05
0,1440,selected,0.004632687506376576,0.004657278858896774,2.459135252019795e-05
1,60,oracle,0.013650918679405155,0.013647043630461875,-3.87504894328039e-06
1,60,selected,0.01345221229143978,0.013444381191338617,-7.83110010116328e-06
1,90,oracle,0.013540037843922548,0.013531564869640023,-8.472974282525136e-06
1,90,selected,0.023321698889267273,0.02320420140857027,-0.00011749748069700416
1,120,oracle,0.013373502427749817,0.013364827248444122,-8.675179305694947e-06
1,120,selected,0.014171083943269602,0.014170687528849202,-3.964144204005038e-07
1,180,oracle,0.0038615117295461854,0.0038155440124998385,-4.5967717046346834e-05
1,180,selected,0.016277590495724636,0.01715371262886234,0.0008761221331377023
1,240,oracle,0.004133134877400968,0.004053606450019509,-7.952842738145893e-05
1,240,selected,0.014193852388288963,0.01419374873189383,-1.0365639513398861e-07
1,360,oracle,0.003009847724186776,0.002919676320280895,-9.017140390588096e-05
1,360,selected,0.004703390565328758,0.0045520406188857,-0.00015134994644305788
1,540,oracle,0.0025908836359135323,0.0026209289268092073,3.004529089567498e-05
1,540,selected,0.01962181446842548,0.01978468320229676,0.00016286873387127976
1,720,oracle,0.001098075079400962,0.0010912619239227261,-6.8131554782357995e-06
1,720,selected,0.014182891878462778,0.014182801570008619,-9.030845415924915e-08
1,1080,oracle,0.0009612744114269045,0.0009661838415254698,4.9094300985652595e-06
1,1080,selected,0.0009320776756367444,0.0009429917299096369,1.0914054272892493e-05
1,1440,oracle,0.0008190432885142318,0.0008277701210790411,8.726832564809328e-06
1,1440,selected,0.001926177488795311,0.0019420477832087224,1.587029441341148e-05
2,60,oracle,0.013397860267429396,0.013395259764390266,-2.6005030391296202e-06
2,60,selected,0.013048878752932036,0.013044588729654194,-4.290023277842003e-06
2,90,oracle,0.013355735821051762,0.01335424138198027,-1.4944390714921596e-06
2,90,selected,0.012598292474451656,0.012583591777885816,-1.4700696565839166e-05
2,120,oracle,0.013908888918360396,0.013911654126613993,2.765208253596718e-06
2,120,selected,0.01420172431127864,0.01420184820359438,1.238923157398375e-07
2,180,oracle,0.012253518690693799,0.012232824474799231,-2.069421589456777e-05
2,180,selected,0.012759407355400043,0.012508542155446611,-0.0002508651999534317
2,240,oracle,0.008493081462572216,0.008499193143055694,6.11168048347821e-06
2,240,selected,0.014221066686144201,0.014221645125852778,5.784397085761839e-07
2,360,oracle,0.012973916989393874,0.012908694979427149,-6.522200996672556e-05
2,360,selected,0.03924147895833374,0.038444034155769025,-0.0007974448025647174
2,540,oracle,0.006349432894627083,0.006138687673876264,-0.0002107452207508187
2,540,selected,0.014194243344404556,0.014194193547659273,-4.9796745282826294e-08
2,720,oracle,0.008149373524782177,0.007953954309749989,-0.00019541921503218873
2,720,selected,0.010489553941196439,0.010464091167625145,-2.5462773571294228e-05
2,1080,oracle,0.006581319510923445,0.0063656168312743455,-0.00021570267964909906
2,1080,selected,0.007299385787618462,0.007173554280952232,-0.00012583150666622966
2,1440,oracle,0.006889953577436714,0.006864378901079937,-2.557467635677657e-05
2,1440,selected,0.0072348647924996845,0.007228591563432807,-6.273229066877661e-06
3,60,oracle,0.014902150863397967,0.014900822191778573,-1.328671619393873e-06
3,60,selected,0.10637262368493916,0.1049204714384393,-0.0014521522464998604
3,90,oracle,0.01430003214108444,0.014295680498517482,-4.351642566957636e-06
3,90,selected,0.014217565507595786,0.014217244803835127,-3.20703760658958e-07
3,120,oracle,0.01605314207709041,0.016053281765268768,1.3968817835774416e-07
3,120,selected,0.014285583332353413,0.014285677837760469,9.450540705557842e-08
3,180,oracle,0.029931121181553832,0.029605357188898562,-0.00032576399265527023
3,180,selected,0.014258106891836153,0.014258058741704938,-4.8150131215507486e-08
3,240,oracle,0.02380747621110557,0.02339613270933305,-0.0004113435017725209
3,240,selected,0.014752450071073842,0.014751310259870642,-1.1398112031990593e-06
3,360,oracle,0.01239093490916443,0.012217515652682365,-0.0001734192564820658
3,360,selected,0.014208416504999932,0.014208315739110078,-1.0076588985441504e-07
3,540,oracle,0.006252840357039435,0.006085339251655553,-0.00016750110538388263
3,540,selected,0.007644555265575503,0.007290931281106805,-0.00035362398446869836
3,720,oracle,0.003757609150653929,0.003645583964042687,-0.00011202518661124206
3,720,selected,0.003594367510558638,0.0034641575881696474,-0.00013020992238899076
3,1080,oracle,0.006498942712831024,0.006449153668931729,-4.978904389929539e-05
3,1080,selected,0.013610467069748555,0.013614466462276154,3.999392527598289e-06
3,1440,oracle,0.004454045595374212,0.0044214279961493075,-3.261759922490448e-05
3,1440,selected,0.006420323257732896,0.006205875821040596,-0.00021444743669229993
4,60,oracle,0.014405376688201743,0.014407829823563922,2.4531353621792817e-06
4,60,selected,0.014232945824960597,0.014233244736964856,2.989120042595772e-07
4,90,oracle,0.01428493360882177,0.014286887148231786,1.9535394100156367e-06
4,90,selected,0.01421963407900062,0.014219788403312839,1.5432431221817922e-07
4,120,oracle,0.014008376082507046,0.014009183897890076,8.078153830304302e-07
4,120,selected,0.014206462764822625,0.014206510281225992,4.751640336753127e-08
4,180,oracle,0.004881150418702074,0.004855828955384722,-2.5321463317351522e-05
4,180,selected,0.041525164897442624,0.045360228159135874,0.00383506326169325
4,240,oracle,0.004669840872195019,0.004716735986950327,4.689511475530761e-05
4,240,selected,0.004899666561548055,0.005004211301931627,0.00010454474038357198
4,360,oracle,0.0014136593515275964,0.0014918547175557517,7.819536602815536e-05
4,360,selected,0.004535989905754434,0.005012218703669524,0.0004762287979150903
4,540,oracle,0.0012449304270161221,0.001278762006741041,3.38315797249189e-05
4,540,selected,0.0030473077393226022,0.002976750317008059,-7.055742231454332e-05
4,720,oracle,0.00354372548713211,0.003491779525059746,-5.1945962072363905e-05
4,720,selected,0.04709048110040759,0.047185676815271194,9.519571486360512e-05
4,1080,oracle,0.004542846911414378,0.004513602787936666,-2.924412347771188e-05
4,1080,selected,0.018087396546284884,0.018473314325845758,0.0003859177795608737
4,1440,oracle,0.0038334319630061175,0.0038272875296385678,-6.144433367549773e-06
4,1440,selected,0.0038334319630061175,0.0038272875296385678,-6.144433367549773e-06
5,60,oracle,0.01486453792364073,0.014865540926134013,1.0030024932827786e-06
5,60,selected,0.017470016263053445,0.0174709367494994,9.204864459544382e-07
5,90,oracle,0.015450267796980777,0.015453849953060539,3.5821560797622e-06
5,90,selected,0.291394041691019,0.2822829718722435,-0.009111069818775519
5,120,oracle,0.015622758699170847,0.01562809936127363,5.340662102781835e-06
5,120,selected,0.014841080295711961,0.014844008836262912,2.928540550950487e-06
5,180,oracle,0.013623561020599584,0.013686226741653429,6.266572105384505e-05
5,180,selected,0.021425131038401712,0.021460419496893923,3.528845849221085e-05
5,240,oracle,0.005564050482003147,0.005581183746945495,1.7133264942348347e-05
5,240,selected,0.009192819010634623,0.009258372743008336,6.55537323737132e-05
5,360,oracle,0.0033252761364107597,0.0032554308925818454,-6.984524382891433e-05
5,360,selected,0.027689796905319808,0.028118951858421726,0.00042915495310191787
5,540,oracle,0.0036209587079627514,0.00358243982286377,-3.851888509898149e-05
5,540,selected,0.01420510524281493,0.014205077812165623,-2.7430649307547128e-08
5,720,oracle,0.003099153070605376,0.0029969257041527753,-0.00010222736645260078
5,720,selected,0.0038949981250786525,0.003806546524652954,-8.845160042569855e-05
5,1080,oracle,0.0016173134833671332,0.0015827131702162989,-3.460031315083434e-05
5,1080,selected,0.0018778495268777506,0.0018487761160285165,-2.9073410849234094e-05
5,1440,oracle,0.0020702014033542326,0.0019823652306659723,-8.783617268826038e-05
5,1440,selected,0.002590741427888066,0.0025145472999079654,-7.619412798010039e-05
6,60,oracle,0.014627730922313953,0.014630345559183189,2.614636869235909e-06
6,60,selected,0.06502208529299147,0.0657965755663108,0.0007744902733193282
6,90,oracle,0.014526712483766024,0.01452759166035178,8.791765857552036e-07
6,90,selected,0.015369528501200325,0.015370392526057985,8.640248576607945e-07
6,120,oracle,0.014430334336989592,0.014430545671465067,2.1133447547505568e-07
6,120,selected,0.02422295288174925,0.023786326342339903,-0.00043662653940934604
6,180,oracle,0.011860145060073934,0.011852256910887093,-7.888149186840998e-06
6,180,selected,0.015539048445736503,0.015756127367805073,0.00021707892206856982
6,240,oracle,0.0037128718327814614,0.0037420680308700716,2.919619808861018e-05
6,240,selected,0.01420611659532045,0.01420618310480648,6.650948602970885e-08
6,360,oracle,0.0019414237886288266,0.00197974970873116,3.832592010233338e-05
6,360,selected,0.014191632545441979,0.014191705402491706,7.285704972659346e-08
6,540,oracle,0.0012625024377467264,0.0012863291587480452,2.3826721001318774e-05
6,540,selected,0.0015296996426155118,0.0015066481147740785,-2.3051527841433384e-05
6,720,oracle,0.0018013294783926215,0.001934455680225322,0.00013312620183270063
6,720,selected,0.0018013294783926215,0.001934455680225322,0.00013312620183270063
6,1080,oracle,0.002625626618163346,0.0028040067148221715,0.0001783800966588256
6,1080,selected,0.0048740499220859546,0.0049973666300312525,0.00012331670794529792
6,1440,oracle,0.001052052576164808,0.0011625769209256953,0.00011052434476088724
6,1440,selected,0.001052052576164808,0.0011625769209256953,0.00011052434476088724
7,60,oracle,0.01434680277,0.014348093040447596,1.290270447595887e-06
7,60,selected,0.014230351223973203,0.014230504432378277,1.5320840507371258e-07
7,90,oracle,0.014367016751343664,0.014367213311767602,1.9656042393734197e-07
7,90,selected,0.014447965868778834,0.014448168514940685,2.0264616185095008e-07
7,120,oracle,0.013557075785388006,0.013551046110022114,-6.029675365892828e-06
7,120,selected,0.014172332139647859,0.014172049843673373,-2.8229597448525823e-07
7,180,oracle,0.017596313768586835,0.01745096895418241,-0.00014534481440442448
7,180,selected,0.017114343269382104,0.017027853775047452,-8.64894943346517e-05
7,240,oracle,0.016275923094618783,0.016276201118156752,2.780235379695739e-07
7,240,selected,0.014461616539607647,0.01444748750209679,-1.4129037510857145e-05
7,360,oracle,0.01845854806919478,0.01869713572930798,0.00023858766011319865
7,360,selected,0.016576333475805116,0.016610994692003,3.4661216197884315e-05
7,540,oracle,0.0076041151303102295,0.00758725058301879,-1.6864547291439713e-05
7,540,selected,0.014169337243799318,0.014169186764164454,-1.5047963486392035e-07
7,720,oracle,0.005649903952610447,0.005672508800771192,2.2604848160745483e-05
7,720,selected,0.02463670836611631,0.024260811278731698,-0.00037589708738461347
7,1080,oracle,0.004149192968042059,0.004112915044194643,-3.627792384741646e-05
7,1080,selected,0.007396209738164128,0.007371201344611666,-2.5008393552461428e-05
7,1440,oracle,0.0050534648578909325,0.005090587555156678,3.7122697265745686e-05
7,1440,selected,0.005603590780254186,0.005619383899877706,1.579311962351948e-05
8,60,oracle,0.01429768627392125,0.014299567767280585,1.8814933593347405e-06
8,60,selected,0.03425413650918174,0.03435304599202271,9.890948284096979e-05
8,90,oracle,0.014097274223804135,0.01409764811752301,3.738937188746405e-07
8,90,selected,0.014206254743403424,0.014206287715794352,3.29723909286983e-08
8,120,oracle,0.014018892803416061,0.014021922954757682,3.030151341620879e-06
8,120,selected,0.011905909397596726,0.011962576370148303,5.666697255157782e-05
8,180,oracle,0.002740749563100442,0.0027509927924003197,1.0243229299877754e-05
8,180,selected,0.002949344894116912,0.0029530745327763785,3.7296386594665165e-06
8,240,oracle,0.003490464950306693,0.0036167777139903823,0.00012631276368368916
8,240,selected,0.003490464950306693,0.0036167777139903823,0.00012631276368368916
8,360,oracle,0.007499539720971948,0.00737687990487923,-0.00012265981609271837
8,360,selected,0.014186227616586944,0.014186057040871058,-1.7057571588541265e-07
8,540,oracle,0.004333267940275776,0.004251398107522508,-8.186983275326742e-05
8,540,selected,0.014195390095579796,0.014195304522626184,-8.55729536120009e-08
8,720,oracle,0.00527527878238887,0.005268233135567901,-7.045646820968976e-06
8,720,selected,0.05321746605045918,0.05290807679204623,-0.00030938925841295095
8,1080,oracle,0.006880338197831626,0.0069370676511312235,5.6729453299597665e-05
8,1080,selected,0.017175226197543525,0.017228243725592174,5.30175280486489e-05
8,1440,oracle,0.005405101129847267,0.005469097862757066,6.399673290979901e-05
8,1440,selected,0.01642838491198728,0.016318046025667332,-0.00011033888631994948
9,60,oracle,0.014765073477195578,0.01476368256069982,-1.3909164957581766e-06
9,60,selected,0.06156017751649423,0.05968952721503795,-0.001870650301456278
9,90,oracle,0.013849062134132728,0.013846684943632614,-2.377190500113535e-06
9,90,selected,0.014189056163716685,0.01418888471870372,-1.7144501296417758e-07
9,120,oracle,0.013392717854213476,0.013390055700670533,-2.6621535429427468e-06
9,120,selected,0.004232085722521983,0.00443327353182843,0.00020118780930644675
9,180,oracle,0.0027866892774500718,0.002741298037398976,-4.539124005109585e-05
9,180,selected,0.005826587619399137,0.00606497664272565,0.0002383890233265129
9,240,oracle,0.001810896787241556,0.0017876561204732688,-2.3240666768287177e-05
9,240,selected,0.0021622386587385467,0.002217308043919286,5.506938518073934e-05
9,360,oracle,0.002245605595933897,0.002286104253559129,4.049865762523197e-05
9,360,selected,0.002371422845238058,0.0024517934878403036,8.037064260224547e-05
9,540,oracle,0.0011139676192405412,0.0011230579682985908,9.090349058049618e-06
9,540,selected,0.0019205207947105007,0.0019246424092849157,4.121614574414956e-06
9,720,oracle,0.0038525587843682985,0.0038502886474277576,-2.270136940540901e-06
9,720,selected,0.009044153005107303,0.00909976359636222,5.561059125491763e-05
9,1080,oracle,0.005127752424087362,0.005073004889390331,-5.474753469703053e-05
9,1080,selected,0.011725006845135,0.011703017442023844,-2.1989403111155603e-05
9,1440,oracle,0.005164862249391611,0.005167700403215236,2.838153823625511e-06
9,1440,selected,0.004981504848723728,0.004947490693934076,-3.4014154789652196e-05
10,60,oracle,0.013637510740228564,0.013632217664838575,-5.2930753899893546e-06
10,60,selected,0.024662540514866604,0.02461611387999607,-4.6426634870533334e-05
10,90,oracle,0.013477415170874196,0.013473722207706706,-3.6929631674897934e-06
10,90,selected,0.014144140180384568,0.014143853742318413,-2.8643806615491485e-07
10,120,oracle,0.013276592972905843,0.013268073250991441,-8.519721914401757e-06
10,120,selected,0.010342007245613183,0.010485901239597695,0.00014389399398451186
10,180,oracle,0.004068878072279403,0.004087275279537672,1.8397207258269432e-05
10,180,selected,0.014032191585028553,0.014031660448204808,-5.311368237448377e-07
10,240,oracle,0.003970955011903143,0.004029815129642733,5.886011773958977e-05
10,240,selected,0.004423754745280228,0.004462132591583234,3.8377846303006e-05
10,360,oracle,0.0027033833626219916,0.002637644848128451,-6.573851449354073e-05
10,360,selected,0.014194612575935017,0.014194498526772903,-1.1404916211432692e-07
10,540,oracle,0.005352205061594728,0.005310594819253001,-4.16102423417275e-05
10,540,selected,0.008628786630255791,0.008608233347564997,-2.0553282690793928e-05
10,720,oracle,0.006786686415418353,0.006528829623627108,-0.00025785679179124443
10,720,selected,0.014217134345910099,0.014217113583085084,-2.0762825014841724e-08
10,1080,oracle,0.008074081872866401,0.007764206685940023,-0.0003098751869263783
10,1080,selected,0.012639955324418084,0.011441457713480374,-0.00119849761093771
10,1440,oracle,0.0052092087522389585,0.0049342455276620845,-0.00027496322457687405
10,1440,selected,0.005787387542959155,0.005592089774715259,-0.0001952977682438961
11,60,oracle,0.013841913583945042,0.013837638093543103,-4.275490401939308e-06
11,60,selected,0.014162558246564871,0.014162060556542011,-4.976900228603753e-07
11,90,oracle,0.013504956966666981,0.013499965891969223,-4.991074697757725e-06
11,90,selected,0.012493479040563193,0.01247221197122006,-2.1267069343133826e-05
11,120,oracle,0.01383820116609158,0.013833105415351654,-5.095750739925187e-06
11,120,selected,0.014191270586669358,0.014191028093114122,-2.424935552358676e-07
11,180,oracle,0.011469311103673552,0.01134477797924427,-0.00012453312442928244
11,180,selected,0.029838765396198452,0.02895661416952633,-0.0008821512266721232
11,240,oracle,0.009963279809624637,0.009746985124910013,-0.0002162946847146241
11,240,selected,0.014196851738167093,0.014196698572178867,-1.5316598822590066e-07
11,360,oracle,0.012586374116488441,0.01212037259021359,-0.0004660015262748507
11,360,selected,0.01265179846782949,0.01227826338855198,-0.0003735350792775094
11,540,oracle,0.005000142706227062,0.004870003070358675,-0.00013013963586838706
11,540,selected,0.0058600017425251005,0.005770409232861429,-8.959250966367183e-05
11,720,oracle,0.003459589436498156,0.0033936900725830554,-6.589936391510065e-05
11,720,selected,0.0031059768907966134,0.003004956204175513,-0.00010102068662110053
11,1080,oracle,0.002743111738086723,0.002761538943442776,1.8427205356053022e-05
11,1080,selected,0.014194521518863912,0.014194488892666723,-3.26261971883568e-08
11,1440,oracle,0.0019122036829855027,0.0019374903859746828,2.528670298918012e-05
11,1440,selected,0.0026847382885608617,0.002725265290416279,4.052700185541713e-05
12,60,oracle,0.014553182620140825,0.014555566678643439,2.384058502613584e-06
12,60,selected,0.014252418804504563,0.014252699653535927,2.80849031364383e-07
12,90,oracle,0.014736640948503021,0.014741385415292019,4.744466788997315e-06
12,90,selected,0.022225234645074643,0.02231752792533981,9.229328026516548e-05
12,120,oracle,0.015024734702245857,0.01503392556488925,9.190862643393416e-06
12,120,selected,0.07203433857820873,0.07536132419351715,0.00332698561530842
12,180,oracle,0.01742234626431216,0.017738216827016817,0.0003158705627046565
12,180,selected,0.06026052531374626,0.06161256142268501,0.0013520361089387478
12,240,oracle,0.014550376807455745,0.014747858336431108,0.00019748152897536286
12,240,selected,0.014228680685790973,0.01422882316393781,1.424781468362113e-07
12,360,oracle,0.008707704090961221,0.008901333406811651,0.00019362931585042986
12,360,selected,0.013112881072154692,0.013341827880216206,0.00022894680806151424
12,540,oracle,0.008563372442483397,0.008583044661562345,1.9672219078947784e-05
12,540,selected,0.014175896211993444,0.014175759377498043,-1.3683449540113912e-07
12,720,oracle,0.011317607892048609,0.011269495870412927,-4.811202163568229e-05
12,720,selected,0.013138138154523915,0.013043100520834572,-9.503763368934326e-05
12,1080,oracle,0.008388044749145118,0.008206257057449262,-0.00018178769169585607
12,1080,selected,0.010827712088802732,0.010750119046144646,-7.75930426580862e-05
12,1440,oracle,0.0047537282536227465,0.004787165796825699,3.3437543202952114e-05
12,1440,selected,0.0054489403822022275,0.0054831502509540275,3.420986875179999e-05
13,60,oracle,0.01455538360873887,0.014557818873779604,2.4352650407344356e-06
13,60,selected,0.0173996463085333,0.01742140376994672,2.175746141341861e-05
13,90,oracle,0.013923359234546795,0.013924375416138224,1.0161815914289107e-06
13,90,selected,0.014188539739432793,0.01418859902046632,5.928103352648151e-08
13,120,oracle,0.01368835278026681,0.013693228348524489,4.875568257678431e-06
13,120,selected,0.053049164646278735,0.05381905563426104,0.0007698909879823024
13,180,oracle,0.007058588049863146,0.007075305490541028,1.67174406778825e-05
13,180,selected,0.006926761098137946,0.006927713452198558,9.523540606126701e-07
13,240,oracle,0.007453954082130676,0.0074911005528930374,3.714647076236144e-05
13,240,selected,0.007281926438363895,0.007313021228816385,3.109479045249053e-05
13,360,oracle,0.007151119338193346,0.007070926238352704,-8.019309984064193e-05
13,360,selected,0.00951745339576171,0.009238062416642379,-0.00027939097911933164
13,540,oracle,0.0036126158373728234,0.0036941984036292785,8.15825662564551e-05
13,540,selected,0.014198549494213952,0.014198694366763354,1.4487254940132033e-07
13,720,oracle,0.004645666595680775,0.004705764564618353,6.009796893757802e-05
13,720,selected,0.004937719888372105,0.005000486756295164,6.276686792305863e-05
13,1080,oracle,0.004916976055158617,0.004950779646104242,3.3803590945624684e-05
13,1080,selected,0.013129200427832388,0.013185986265416894,5.6785837584505394e-05
13,1440,oracle,0.0048131177085360966,0.004796425374100743,-1.6692334435353118e-05
13,1440,selected,0.0048131177085360966,0.004796425374100743,-1.6692334435353118e-05
14,60,oracle,0.014221956711054862,0.014221378078652425,-5.786324024370515e-07
14,60,selected,0.014213783254542367,0.014213714405993616,-6.884854875099933e-08
14,90,oracle,0.013965923906608002,0.013968405877448076,2.4819708400736218e-06
14,90,selected,0.014195030744068915,0.014195204353463442,1.7360939452704116e-07
14,120,oracle,0.013649234043834335,0.01364681642025789,-2.4176235764450382e-06
14,120,selected,0.018942160317911627,0.018925495920318447,-1.666439759318017e-05
14,180,oracle,0.009280188917629828,0.009272972191350481,-7.2167262793465525e-06
14,180,selected,0.014198898703018381,0.014198787595177786,-1.1110784059464862e-07
14,240,oracle,0.014231006258329515,0.014419728318054048,0.00018872205972453315
14,240,selected,0.014214121002023239,0.01421408728170337,-3.372031986970114e-08
14,360,oracle,0.007962554799016974,0.008083168333659962,0.00012061353464298818
14,360,selected,0.010550108850786666,0.010565016287300888,1.4907436514222105e-05
14,540,oracle,0.00461484603657436,0.0047218776538769935,0.00010703161730263311
14,540,selected,0.005599061670360839,0.005665638323058775,6.657665269793611e-05
14,720,oracle,0.002085936486402762,0.002173965836577363,8.8029350174601e-05
14,720,selected,0.0018356168734174894,0.001997753024052029,0.0001621361506345398
14,1080,oracle,0.00261239751535991,0.002622682836084911,1.028532072500088e-05
14,1080,selected,0.0024940267285575857,0.0025138776988917755,1.985097033418981e-05
14,1440,oracle,0.004888422608879783,0.004791410689731768,-9.701191914801566e-05
14,1440,selected,0.014016449392286523,0.014015549984589426,-8.994076970969545e-07
15,60,oracle,0.014426374380544615,0.014427607863546799,1.2334830021831777e-06
15,60,selected,0.03734825820274912,0.038077775159827576,0.0007295169570784577
15,90,oracle,0.014173697695467946,0.014172709328845179,-9.88366622767245e-07
15,90,selected,0.014208211489291855,0.014208117823559019,-9.366573283653423e-08
15,120,oracle,0.013793537466504469,0.013790645346987596,-2.8921195168729597e-06
15,120,selected,0.014243781455896665,0.014240673437028395,-3.108018868269724e-06
15,180,oracle,0.02035160735088648,0.02046928017504812,0.00011767282416164093
15,180,selected,0.014191091738075312,0.014190947186647151,-1.4455142816061084e-07
15,240,oracle,0.018971889773496065,0.01931974742258835,0.0003478576490922869
15,240,selected,0.014217852523544128,0.01421796051828439,1.0799474026157441e-07
15,360,oracle,0.018150836313959307,0.018388984156580968,0.000238147842621661
15,360,selected,0.014433056772678032,0.01443484279099616,1.7860183181284128e-06
15,540,oracle,0.011947148691977771,0.011968873920020884,2.1725228043112388e-05
15,540,selected,0.014316504666363139,0.014318800902279438,2.2962359162992385e-06
15,720,oracle,0.006349823110654129,0.006318126228490373,-3.1696882163756435e-05
15,720,selected,0.007088261928307582,0.006975811660638542,-0.00011245026766903976
15,1080,oracle,0.006571981592276899,0.006484583605735006,-8.739798654189279e-05
15,1080,selected,0.006571981592276899,0.006484583605735006,-8.739798654189279e-05
15,1440,oracle,0.004610817486484398,0.00454415239788164,-6.666508860275755e-05
15,1440,selected,0.005060295579650154,0.0050056720452403836,-5.462353440977008e-05
16,60,oracle,0.01418955451330628,0.014185844333093889,-3.710180212390668e-06
16,60,selected,0.4234067538018005,0.4151990153944678,-0.008207738407332688
16,90,oracle,0.01407470066799199,0.014070432643834674,-4.268024157316752e-06
16,90,selected,0.01707698139361158,0.017050569630540524,-2.641176307105475e-05
16,120,oracle,0.013842257766673693,0.01383504888110143,-7.2088855722629575e-06
16,120,selected,0.01666890431753676,0.016632828923646592,-3.607539389016701e-05
16,180,oracle,0.014760117762174119,0.014741853206883704,-1.826455529041482e-05
16,180,selected,0.022036847692208816,0.022167982217334847,0.00013113452512603097
16,240,oracle,0.011499380618589905,0.011547624179533145,4.824356094323967e-05
16,240,selected,0.014217674490921706,0.01421766474595021,-9.744971496417065e-09
16,360,oracle,0.01582413830438112,0.015667650953999912,-0.00015648735038120698
16,360,selected,0.016024221489407076,0.015965576737458465,-5.8644751948611074e-05
16,540,oracle,0.010390972008429644,0.010477351256942491,8.637924851284673e-05
16,540,selected,0.014220661422716274,0.01422070352574667,4.210303039542396e-08
16,720,oracle,0.013549013068871574,0.01345488836699349,-9.412470187808442e-05
16,720,selected,0.014715343425921734,0.014715373614887506,3.0188965771671405e-08
16,1080,oracle,0.00787739422651934,0.007827271475074782,-5.012275144455902e-05
16,1080,selected,0.007700788049792129,0.007637142472839309,-6.364557695281992e-05
16,1440,oracle,0.005630291614818983,0.005626309250014949,-3.9823648040338e-06
16,1440,selected,0.005963605835319075,0.005977664987044551,1.4059151725476227e-05
17,60,oracle,0.014477128905036052,0.014475980962780799,-1.1479422552529428e-06
17,60,selected,0.014245452035415385,0.014245326922068147,-1.2511334723797063e-07
17,90,oracle,0.014682130436189711,0.014680590858876519,-1.5395773131920976e-06
17,90,selected,0.01712442633130906,0.01711093587618495,-1.3490455124109957e-05
17,120,oracle,0.0149213842903968,0.014922723740664834,1.3394502680341702e-06
17,120,selected,0.01651011006837355,0.01651208751584332,1.9774474697697997e-06
17,180,oracle,0.009442689315802388,0.00941908968582994,-2.3599629972448355e-05
17,180,selected,0.017345623252615905,0.017025248213848876,-0.000320375038767029
17,240,oracle,0.01246546143358851,0.012191385193021986,-0.00027407624056652313
17,240,selected,0.013623145585985319,0.013594673323230722,-2.8472262754597466e-05
17,360,oracle,0.005842928628374544,0.0056807381340883145,-0.00016219049428622956
17,360,selected,0.006770722142160679,0.006692124015288958,-7.859812687172063e-05
17,540,oracle,0.010838281094472824,0.010534581997864056,-0.00030369909660876715
17,540,selected,0.010838281094472824,0.010534581997864056,-0.00030369909660876715
17,720,oracle,0.010067043896360262,0.009827004491207991,-0.0002400394051522703
17,720,selected,0.011526064769056932,0.011457096237623032,-6.896853143389947e-05
17,1080,oracle,0.011705646756401511,0.011325179467357227,-0.00038046728904428395
17,1080,selected,0.019591646620068737,0.018356269476203613,-0.001235377143865124
17,1440,oracle,0.006669124870502752,0.006537899656014923,-0.00013122521448782898
17,1440,selected,0.014180813943140635,0.014180664528066766,-1.494150738690081e-07
18,60,oracle,0.013847199183224523,0.013853529067584525,6.329884360001259e-06
18,60,selected,0.48752156298967875,0.47072648758808944,-0.01679507540158931
18,90,oracle,0.013369984992139816,0.013377855886721468,7.87089458165191e-06
18,90,selected,0.20688051023800513,0.203816748521223,-0.003063761716782132
18,120,oracle,0.012725706034408368,0.012734195239285095,8.489204876727108e-06
18,120,selected,0.03780042623621638,0.03811324955482287,0.00031282331860649215
18,180,oracle,0.015380018623735614,0.015445526480921457,6.550785718584251e-05
18,180,selected,0.014183637302025653,0.014183950652553512,3.133505278585247e-07
18,240,oracle,0.022469980748463625,0.02257410070352206,0.00010411995505843485
18,240,selected,0.07769276785500345,0.07563418898834984,-0.0020585788666536153
18,360,oracle,0.00884168008741748,0.008831121317874668,-1.0558769542812207e-05
18,360,selected,0.014192796809927799,0.014192970145604056,1.733356762567695e-07
18,540,oracle,0.007657962558906606,0.007742361857586255,8.439929867964935e-05
18,540,selected,0.007622311386976555,0.007705055554005802,8.274416702924725e-05
18,720,oracle,0.00481372703526306,0.00491380488302362,0.00010007784776056017
18,720,selected,0.004697943777615565,0.004798667311608273,0.00010072353399270817
18,1080,oracle,0.00323261502199923,0.0033643619965609828,0.00013174697456175277
18,1080,selected,0.00323261502199923,0.0033643619965609828,0.00013174697456175277
18,1440,oracle,0.004719874739569585,0.004789150711310919,6.927597174133382e-05
18,1440,selected,0.02186948354700835,0.020970639049004536,-0.0008988444980038146
19,60,oracle,0.014114140076185167,0.014116766047219231,2.6259710340648112e-06
19,60,selected,0.014202612024252437,0.014202904414853501,2.9239060106434067e-07
19,90,oracle,0.013705733534537967,0.013705765241355139,3.170681717179491e-08
19,90,selected,0.0037095825841451102,0.0036867994624434353,-2.2783121701674958e-05
19,120,oracle,0.013983104015882541,0.013989560804988366,6.456789105824257e-06
19,120,selected,0.03578016204382384,0.03641590151374641,0.0006357394699225694
19,180,oracle,0.0031067397818066445,0.0032114450804917594,0.00010470529868511491
19,180,selected,0.014199827420732558,0.014199971153380897,1.437326483388901e-07
19,240,oracle,0.0015327374663435256,0.0016618620271866558,0.00012912456084313018
19,240,selected,0.017749105483823024,0.016493330951983465,-0.0012557745318395597
19,360,oracle,0.004008742234356211,0.0041076884337889474,9.894619943273675e-05
19,360,selected,0.004172265904255568,0.00428141424697337,0.00010914834271780194
19,540,oracle,0.004845688605696452,0.0049707973578942966,0.00012510875219784445
19,540,selected,0.014211136231733534,0.014211199624840964,6.339310743008753e-08
19,720,oracle,0.0025634800993883378,0.0026398770985747166,7.639699918637888e-05
19,720,selected,0.0025634800993883378,0.0026398770985747166,7.639699918637888e-05
19,1080,oracle,0.0032615223179431885,0.0033768076303123395,0.00011528531236915107
19,1080,selected,0.006223427527726644,0.006418053312172267,0.0001946257844456234
19,1440,oracle,0.002062181136157082,0.0020843803225311097,2.2199186374027846e-05
19,1440,selected,0.0031786137678508908,0.0032007023239093435,2.2088556058452724e-05
