kernel,decision_year,decision_date,training_first_formation,last_training_payoff,first_oos_payoff,last_oos_payoff,T,inner_training_months,validation_months,selected_lambda,C,C_over_T,positive_rank,top10_eigenvalue_share,participation_rank,descriptive_b,b_fit_first_rank,b_fit_last_rank,validation_loss,raw_oos_loss,annual_excess_return,annual_volatility,sharpe,maximum_drawdown
linear,1978,1978-01-31,1963-01-31,1978-01-31,1978-02-28,1979-01-31,180,120,60,1.4104847443082836e-05,11.323200119829972,0.06290666733238873,131,0.9843472144078869,1.3988130138118098,2.2319256680057737,14,78,0.6106988571969717,0.3725821266843796,0.23309514179127927,0.05091654488664363,4.577984274271221,-0.008921792068494527
linear,1979,1979-01-31,1963-01-31,1979-01-31,1979-02-28,1980-01-31,192,132,60,3.14310637661878e-06,22.736075155353735,0.1184170581008007,131,0.9841749170586991,1.3808822887667949,2.230825642450635,14,78,0.4079982063169243,0.3734034979264263,0.22784177210929868,0.04897952157350823,4.651776187061256,0.0
linear,1980,1980-01-31,1963-01-31,1980-01-31,1980-02-29,1981-01-31,204,144,60,2.279997904582958e-06,26.192780508792627,0.12839598288623835,131,0.9840567898411043,1.3764377593584949,2.1995240610284372,14,78,0.4235049516377779,0.2926701537627825,0.25158443519834134,0.042699862915509874,5.891926062998163,0.0
linear,1981,1981-01-31,1963-01-31,1981-01-31,1981-02-28,1982-01-31,216,156,60,1.012501052125855e-06,37.026625732448316,0.17141956357614963,131,0.9839010452090811,1.3899712409940193,2.1805013732363903,14,78,0.39101125902276124,0.4153535769563504,0.41686320973938995,0.08667660134811712,4.809408805326277,0.0
linear,1982,1982-01-31,1963-01-31,1982-01-31,1982-02-28,1983-01-31,228,168,60,4.102750337944749e-07,51.45558938490868,0.22568240958293279,131,0.9834980177191566,1.39810483514195,2.1736725060458366,14,78,0.30955174038727645,0.3636028647673446,0.4364726771951274,0.08151154851312513,5.3547342083048,0.0
linear,1983,1983-01-31,1963-01-31,1983-01-31,1983-02-28,1984-01-31,240,180,60,2.0632083625483455e-06,28.16166621934749,0.11734027591394788,131,0.9833379091708129,1.400666247171925,2.1461240335459517,14,78,0.3318009825005737,0.3343743250844309,0.32112935330174547,0.0681244617999631,4.713862609949007,0.0
linear,1984,1984-01-31,1963-01-31,1984-01-31,1984-02-29,1985-01-31,252,192,60,5.1592338498472235e-06,18.981203965586925,0.07532223795867828,131,0.9827623193658083,1.4149645699373128,2.1251702871558966,14,78,0.36994540113271074,0.29868147967108255,0.3132979053775033,0.0616441665825954,5.082360955561361,-0.016290875717445807
linear,1985,1985-01-31,1963-01-31,1985-01-31,1985-02-28,1986-01-31,264,204,60,5.937494922155425e-06,17.863605307931735,0.06766517162095353,131,0.9826072039144983,1.4143747783026408,2.115081695045707,14,78,0.3345012958415788,0.10186650915399209,0.32464156049815707,0.021538077451158297,15.072912669867762,0.0
linear,1986,1986-01-31,1963-01-31,1986-01-31,1986-02-28,1987-01-31,276,216,60,8.08139889114986e-06,15.449489405199166,0.05597641088840278,131,0.9821445372338249,1.4222395308137155,2.099740158330346,14,78,0.28591829581041245,0.22970288735801225,0.30537639214433515,0.04833289191860516,6.318189953512469,0.0
linear,1987,1987-01-31,1963-01-31,1987-01-31,1987-02-28,1988-01-31,288,228,60,5.937494922155425e-06,17.890850084020972,0.06212100723618393,131,0.9818476585963452,1.425690818622152,2.0871389368103026,14,78,0.2712597687780126,0.4535963563808599,0.3431853785876256,0.08539192444703217,4.018944189511742,0.0
linear,1988,1988-01-31,1963-01-31,1988-01-31,1988-02-29,1989-01-31,300,240,60,6.892402506506154e-06,16.859094406725085,0.05619698135575028,131,0.9823877252494015,1.4073430391768669,2.0813051652774934,14,78,0.29405672918834075,0.10739537530775194,0.3197254791735024,0.02125921149141286,15.039385600103172,0.0
linear,1989,1989-01-31,1963-01-31,1989-01-31,1989-02-28,1990-01-31,312,252,60,5.1592338498472235e-06,19.20357956892665,0.06154993451579054,131,0.9821375338758978,1.4096269893859943,2.068352660346477,14,78,0.23433802490339925,0.2371343337730475,0.273325814639111,0.03928074416933011,6.958264676984409,0.0
linear,1990,1990-01-31,1963-01-31,1990-01-31,1990-02-28,1991-01-31,324,264,60,5.1592338498472235e-06,19.12695636245965,0.05903381593351744,131,0.9818737582529641,1.4153811003947407,2.051952270002359,14,78,0.23261876131224554,0.26623908000895413,0.3480284034833233,0.06286446115262952,5.53617094781645,0.0
linear,1991,1991-01-31,1963-01-31,1991-01-31,1991-02-28,1992-01-31,336,276,60,6.892402506506154e-06,16.897923802853704,0.050291439889445545,131,0.9815384312303473,1.4226561926810481,2.0488331419880668,14,78,0.2733547996332514,0.5608737621214109,0.20231009660546873,0.06889697752611113,2.936414685663034,-0.005603164034615915
linear,1992,1992-01-31,1963-01-31,1992-01-31,1992-02-29,1993-01-31,348,288,60,9.587226157349809e-06,14.679118067957793,0.0421813737584994,131,0.9812318476667865,1.4477112556148384,2.025923023634177,14,78,0.35139498710022077,0.22294250437041443,0.259801698411729,0.028896425404299354,8.990790202482083,0.0
linear,1993,1993-01-31,1963-01-31,1993-01-31,1993-02-28,1994-01-31,360,300,60,3.5279833168131427e-06,23.479131565278102,0.06521980990355028,131,0.9808267598946068,1.4546263736154479,2.014098631624492,14,78,0.27734135146441863,0.28215463071379754,0.2509729818823907,0.040109462769346065,6.2572012825412,0.0
linear,1994,1994-01-31,1963-01-31,1994-01-31,1994-02-28,1995-01-31,372,312,60,3.980337030793904e-06,22.216518118282725,0.05972182289860947,131,0.9804527563906948,1.4618276358871303,2.002455955745277,14,78,0.32753874218632145,0.11647573138351562,0.38827665670283573,0.04242387193173365,9.152315406939538,0.0
linear,1995,1995-01-31,1963-01-31,1995-01-31,1995-02-28,1996-01-31,384,324,60,4.516750706411595e-06,20.939678458887215,0.05453041265335212,131,0.980057487767692,1.469085777746495,1.994979698065554,14,78,0.3022261615873513,0.2759980406263048,0.2422629618648845,0.034290695993662156,7.064976514610879,0.0
linear,1996,1996-01-31,1963-01-31,1996-01-31,1996-02-29,1997-01-31,396,336,60,1.923599461589551e-07,70.3505651413291,0.17765294227608358,131,0.9797672171652331,1.475803042845005,1.990635250446278,14,78,0.2508408197108338,0.37490364715173946,0.39845775338771716,0.08145232688714878,4.891913694985972,0.0
linear,1997,1997-01-31,1963-01-31,1997-01-31,1997-02-28,1998-01-31,408,348,60,2.7033029925403316e-07,63.94584759953772,0.15673001862631794,131,0.9794723982840184,1.4825846536285483,1.990979608357614,14,78,0.21755875638952255,0.06130511914854451,0.4255150525649841,0.032760809225066634,12.988539130449963,0.0
linear,1998,1998-01-31,1963-01-31,1998-01-31,1998-02-28,1999-01-31,420,360,60,1.797719818067263e-07,72.09937215789896,0.17166517180452132,131,0.9793370965930748,1.4944061973391962,1.9889199477907709,14,78,0.2262215822064945,0.46778389396777537,0.5234287837334661,0.08977358676801206,5.8305432875939545,0.0
linear,1999,1999-01-31,1963-01-31,1999-01-31,1999-02-28,2000-01-31,432,372,60,4.7317454752476753e-07,54.13650729017277,0.12531598909762215,131,0.9793795704718686,1.4910008661807035,1.981743524221835,14,78,0.1930492286837458,0.6205506368839844,0.36055480167927834,0.10322305865794029,3.49296762145057,-0.0225697242020666
linear,2000,2000-01-31,1963-01-31,2000-01-31,2000-02-29,2001-01-31,444,384,60,1.923599461589551e-07,72.21825653059587,0.16265373092476546,131,0.9787333229922277,1.5337064616314107,1.995013089382931,14,78,0.29452513006244063,1.3680414508429453,0.7063499867152788,0.13791332287541025,5.121695076213844,-0.01511587137589232
linear,2001,2001-01-31,1963-01-31,2001-01-31,2001-02-28,2002-01-31,456,396,60,2.2030290289776974e-07,70.98379051468308,0.15566620726904185,131,0.9780359713696315,1.6894748076090675,2.1051045978488916,14,78,0.5921397542278123,0.49305196551690234,0.5214521796921961,0.09245781038293045,5.6398932392245635,0.0
linear,2002,2002-01-31,1963-01-31,2002-01-31,2002-02-28,2003-01-31,468,408,60,4.102750337944749e-07,60.02540605706091,0.12825941465183957,131,0.977567712749473,1.708694354535097,2.115221352683219,14,78,0.5556489197229022,0.3008016149192742,0.39129005511467807,0.07216175321494721,5.422402279350778,0.0
linear,2003,2003-01-31,1963-01-31,2003-01-31,2003-02-28,2004-01-31,480,420,60,5.888456250152173e-07,54.11542008244698,0.11274045850509788,131,0.9768727215463957,1.7238850670835872,2.1332870953635625,14,78,0.6448920255863674,0.3061809607946702,0.3240563559845226,0.06474455680366627,5.00515212370984,-0.001007939432501992
linear,2004,2004-01-31,1963-01-31,2004-01-31,2004-02-29,2005-01-31,492,432,60,0.0003294364702128923,3.2714304216806487,0.006649248824554164,131,0.9766152655275697,1.718478847373482,2.1393670873511375,14,78,0.8577791492157556,0.8565105682210185,0.03618778414127131,0.014367734722501753,2.518684040330763,-0.003172899140981622
linear,2005,2005-01-31,1963-01-31,2005-01-31,2005-02-28,2006-01-31,504,444,60,8.623741199982507e-07,47.80828726129087,0.09485771282002158,131,0.9762803311978756,1.7170284366963449,2.1380772104611823,14,78,0.687231773493484,0.3802382013289031,0.19006109180905284,0.029606968832242137,6.41947147261071,0.0
linear,2006,2006-01-31,1963-01-31,2006-01-31,2006-02-28,2007-01-31,516,456,60,1.3025282708512413e-06,41.03545090663345,0.07952606764851444,131,0.9760796914220639,1.7118220918116112,2.134188799162827,14,78,0.4697938503958053,0.7444374855139214,0.07210497277339997,0.02704629778335207,2.6659830987213,-0.006504793805962361
linear,2007,2007-01-31,1963-01-31,2007-01-31,2007-02-28,2008-01-31,528,468,60,6.343319501787527e-07,53.11840588853845,0.10060304145556524,131,0.9758972863282604,1.7112141502336145,2.125288811259351,14,78,0.5264016599386061,1.0334419466295652,0.0073488086878436745,0.034743491156524975,0.21151612699875547,-0.010871096387884527
linear,2008,2008-01-31,1963-01-31,2008-01-31,2008-02-29,2009-01-31,540,480,60,5.470571238661291e-07,55.91847622358924,0.10355273374738748,131,0.9755523647194386,1.71279348273212,2.121546506557722,14,78,0.6728842177838352,0.6172493683902022,0.22766815576549987,0.0828075354138028,2.749365195181874,-0.03705622734242242
linear,2009,2009-01-31,1963-01-31,2009-01-31,2009-02-28,2010-01-31,552,492,60,4.102750337944749e-07,62.01126733764057,0.1123392524232619,131,0.97465615188293,1.6994231808369538,2.123350394450233,14,78,0.68462220682896,1.3718363136845548,0.07867880247414916,0.11254395435623941,0.6990939933130865,-0.06397819062798171
linear,2010,2010-01-31,1963-01-31,2010-01-31,2010-02-28,2011-01-31,564,504,60,2.8130213355617662e-06,31.191691921881212,0.055304418301207824,131,0.974330473795443,1.6962592141421793,2.1172487689790125,14,78,0.7002967435375204,0.45307541117548283,0.1932475439705404,0.04857238377062697,3.9785476636912023,-0.009322269699812424
linear,2011,2011-01-31,1963-01-31,2011-01-31,2011-02-28,2012-01-31,576,516,60,5.937494922155425e-06,22.55517564246116,0.039158291045939514,131,0.974363230475424,1.6860178885435237,2.1127801062869986,14,78,0.7022668847847526,0.568344408307487,0.12865815210943035,0.033009561723625944,3.897602554878692,-0.0024249764297737952
linear,2012,2012-01-31,1963-01-31,2012-01-31,2012-02-29,2013-01-31,588,528,60,3.980337030793904e-06,26.96829413625618,0.04586444580995949,131,0.9742813984332337,1.6756830540445755,2.108028049200838,14,78,0.6551120610084685,0.811005631078879,0.053976485387640494,0.02605642947467667,2.071522709590673,-0.012789771548034956
linear,2013,2013-01-31,1963-01-31,2013-01-31,2013-02-28,2014-01-31,600,540,60,5.937494922155425e-06,22.517564434198224,0.03752927405699704,131,0.9741817935410433,1.6733439067501379,2.0985532534848006,14,78,0.6092256543880575,0.5803922049834341,0.12836314613864253,0.03595913477245459,3.5696950705546797,-0.009735317926131248
linear,2014,2014-01-31,1963-01-31,2014-01-31,2014-02-28,2015-01-31,612,552,60,9.587226157349809e-06,18.0147286540182,0.029435831134016665,131,0.9740526103726266,1.674371979085919,2.092140319683041,14,78,0.6081641108518077,0.7000016849345223,0.0850454407778662,0.02808746941865402,3.027878357791254,-0.007256232504810778
linear,2015,2015-01-31,1963-01-31,2015-01-31,2015-02-28,2016-01-31,624,564,60,2.7033029925403316e-07,71.31004334283872,0.1142789156135236,131,0.9738132958282228,1.6762035083573108,2.0858290084397018,14,78,0.6100488807156164,0.550606931744651,0.20497680561605858,0.06839344142255188,2.9970242957897137,-0.01444576463861269
linear,2016,2016-01-31,1963-01-31,2016-01-31,2016-02-29,2017-01-31,636,576,60,3.8233441651644625e-07,64.73663717848525,0.10178716537497681,131,0.9735583311281666,1.6769519894098102,2.083321764393956,14,78,0.6371847342708021,1.0510546515055768,0.0808303535928125,0.08328662798213556,0.9705081782173975,-0.06867035523522169
linear,2017,2017-01-31,1963-01-31,2017-01-31,2017-02-28,2018-01-31,648,588,60,1.3025282708512413e-06,42.79589165255664,0.06604304267369852,131,0.9731370035601543,1.6816066484859022,2.080421221433212,14,78,0.703351280086021,0.6736083137542743,0.09429773198540102,0.030162131101084563,3.126361717259769,-0.0031099649058078382
linear,2018,2018-01-31,1963-01-31,2018-01-31,2018-02-28,2019-01-31,660,600,60,1.1956417767020365e-06,44.208337646075606,0.06698232976678122,131,0.9728690285511046,1.6845195041844534,2.0755826111356592,14,78,0.6626103673439742,0.8800847007997241,0.04033798051438309,0.030787697748919644,1.3101980162124518,-0.009575953456675057
linear,2019,2019-01-31,1963-01-31,2019-01-31,2019-02-28,2020-01-31,672,612,60,4.7317454752476753e-07,60.978668573589694,0.09074206632974657,131,0.9728558428363738,1.675109083761167,2.0728075658453333,14,78,0.7238307183008061,1.06077625590133,0.008494368230382115,0.04242001410639288,0.20024435185423423,-0.03301742801175489
linear,2020,2020-01-31,1963-01-31,2020-01-31,2020-02-29,2021-01-31,684,624,60,2.0632083625483455e-06,35.78698891954438,0.05232015923909997,131,0.9725655856306278,1.678330036007616,2.0668241297909926,14,78,0.8063685081158096,2.3528123835610883,-0.13487361729897007,0.11005452887190098,-1.2255162843498926,-0.1289821779328476
linear,2021,2021-01-31,1963-01-31,2021-01-31,2021-02-28,2022-01-31,696,636,60,9.212880487758179e-05,6.169606599848942,0.008864377298633538,131,0.9723221633347675,1.6654054336594164,2.0695298675144462,14,78,0.9471145609482453,0.48600762122970237,0.1559037668467012,0.03317193151494107,4.6998700324845455,-0.005774130799491961
linear,2022,2022-01-31,1963-01-31,2022-01-31,2022-02-28,2023-01-31,708,648,60,5.921129650423704e-05,7.74482543217355,0.010939018971996539,131,0.9715842782300059,1.6850012772611462,2.075683597481421,14,78,0.8885476144982665,0.8383676798163769,0.09522908080915823,0.06313969480318994,1.5082283990442582,-0.016367453450839564
linear,2023,2023-01-31,1963-01-31,2023-01-31,2023-02-28,2024-01-31,720,660,60,5.921129650423704e-05,7.786063071834287,0.010813976488658733,131,0.9714321666193847,1.6866882632680993,2.0712623348479062,14,78,0.8888178758435897,0.6995154510044327,0.0954765952672946,0.03820992132404194,2.4987383370302854,-0.00252457040398546
linear,2024,2024-01-31,1963-01-31,2024-01-31,2024-02-29,2025-01-31,732,672,60,4.087031936337839e-05,9.401322840687543,0.01284333721405402,131,0.9710780330646003,1.6847542642749966,2.0675510066150276,14,78,0.840518575205359,0.7932561278982728,0.06716324663227108,0.03584331895564318,1.8738009924635308,-0.005612458264790732
gaussian,1978,1978-01-31,1963-01-31,1978-01-31,1978-02-28,1979-01-31,180,120,60,2.515462907417361e-07,19.4943401289381,0.10830188960521166,180,0.9981820346172431,1.0234373069728717,1.7001856585850113,18,108,0.6158680663980072,0.2993140290266896,0.26910377473192626,0.05045026974305816,5.334040355036046,-0.0025605294585444582
gaussian,1979,1979-01-31,1963-01-31,1979-01-31,1979-02-28,1980-01-31,192,132,60,8.404331616854283e-08,35.18854072112587,0.18327364958919723,192,0.9981939408870207,1.0224037721220252,1.7181562948559037,20,115,0.38735060536399907,0.3454082263757883,0.24740103447048994,0.05135533653615125,4.817435755607085,0.0
gaussian,1980,1980-01-31,1963-01-31,1980-01-31,1980-02-29,1981-01-31,204,144,60,4.593645688233432e-08,47.997719257530456,0.235282937536914,204,0.998187366164672,1.022072980572279,1.7118185011695668,21,122,0.3976936271990147,0.256319328272673,0.27404018670574554,0.04378377927127624,6.258943180940205,0.0
gaussian,1981,1981-01-31,1963-01-31,1981-01-31,1981-02-28,1982-01-31,216,156,60,2.4961352443914047e-08,65.36463697054073,0.30261406004879965,216,0.9981637456844262,1.0227002962725438,1.7423202258055526,22,129,0.3837187922658976,0.35694227163959696,0.413953979955906,0.08015983355727996,5.164107278991618,0.0
gaussian,1982,1982-01-31,1963-01-31,1982-01-31,1982-02-28,1983-01-31,228,168,60,1.3123701389314965e-08,87.8491737795758,0.38530339377006934,228,0.9981062309562089,1.0231170312130764,1.7575617545322963,23,136,0.2691151611013731,0.3587188275745572,0.45254538282844115,0.0810385115512574,5.584324960635576,0.0
gaussian,1983,1983-01-31,1963-01-31,1983-01-31,1983-02-28,1984-01-31,240,180,60,4.122804289038263e-08,53.29411971807085,0.22205883215862857,240,0.998077735136555,1.0231553239975568,1.764037218939044,24,144,0.2950611157402413,0.2725242305403342,0.3594436726100665,0.06530186653549803,5.504339947383789,0.0
gaussian,1984,1984-01-31,1963-01-31,1984-01-31,1984-02-29,1985-01-31,252,192,60,6.501451457433665e-08,42.91452746408664,0.1702957439051057,252,0.9980146110932104,1.0238859195297167,1.7717289436030985,26,151,0.3349938352444196,0.21844398481197044,0.3450296379376857,0.054963635602352956,6.2774165892860845,-0.007938096757184487
gaussian,1985,1985-01-31,1963-01-31,1985-01-31,1985-02-28,1986-01-31,264,204,60,8.404331616854283e-08,37.83752073821467,0.14332394219020708,264,0.9979840717791315,1.0238859918319618,1.7816848805509335,27,158,0.3032520639178788,0.07123646461607562,0.35689963230140515,0.02316515885250816,15.406742279376278,0.0
gaussian,1986,1986-01-31,1963-01-31,1986-01-31,1986-02-28,1987-01-31,276,216,60,1.8525165664761934e-07,24.691309821506934,0.08946126746922803,276,0.9979342963826116,1.0242829610547062,1.7823149482443965,28,165,0.2662751014919767,0.22585308545087382,0.3208692787797006,0.05145640945921235,6.235749484892493,0.0
gaussian,1987,1987-01-31,1963-01-31,1987-01-31,1987-02-28,1988-01-31,288,228,60,2.001965662491551e-09,185.70215196006626,0.6447991387502301,288,0.9978943257678087,1.0244146491821113,1.7905598310650257,29,172,0.2203104834718113,0.7759112586476934,0.5046247359703043,0.11800184279123188,4.27641402908498,0.0
gaussian,1988,1988-01-31,1963-01-31,1988-01-31,1988-02-29,1989-01-31,300,240,60,1.3063250519242263e-07,30.548207123876193,0.1018273570795873,300,0.9979607416298432,1.0233451035382632,1.8044142594617427,30,180,0.2623858307349195,0.08099046182761648,0.3394014830957629,0.01987500934698415,17.07679614989786,0.0
gaussian,1989,1989-01-31,1963-01-31,1989-01-31,1989-02-28,1990-01-31,312,252,60,9.65139235514748e-08,35.81262362468313,0.11478405007911259,312,0.9979390830592463,1.023438760509098,1.8061400197600666,32,187,0.2070445574140801,0.18874522406527894,0.29379530006520627,0.03566367388909335,8.237942646594654,0.0
gaussian,1990,1990-01-31,1963-01-31,1990-01-31,1990-02-28,1991-01-31,324,264,60,1.2066145302551644e-07,31.65293921915096,0.09769425684923136,324,0.9979077632297467,1.0237199620816102,1.8032985286611964,33,194,0.2152891476502824,0.20262216684933623,0.3722537508971514,0.05636981877499362,6.603777677253913,0.0
gaussian,1991,1991-01-31,1963-01-31,1991-01-31,1991-02-28,1992-01-31,336,276,60,1.8525165664761934e-07,25.380362390500917,0.07553679282887178,336,0.9978684187052724,1.024120177400525,1.8147940870762846,34,201,0.2573332626860775,0.5408121596693347,0.1954278262212592,0.06377068644297573,3.0645401064643134,-0.006850898046267595
gaussian,1992,1992-01-31,1963-01-31,1992-01-31,1992-02-29,1993-01-31,348,288,60,3.2503716920938445e-10,301.21394898196536,0.86555732466082,348,0.9978200436117174,1.0254257473548403,1.821491686632149,35,208,0.307986088109165,0.17561026145653147,0.3634791288313465,0.05053533446953572,7.192573921727244,0.0
gaussian,1993,1993-01-31,1963-01-31,1993-01-31,1993-02-28,1994-01-31,360,300,60,4.436098664436844e-09,159.06387225770277,0.44184408960472993,360,0.9977750104083456,1.0258181924799117,1.8232699098204441,36,216,0.1745691629589093,0.20172022085771812,0.3036222215409594,0.04216222676448073,7.201285246080594,0.0
gaussian,1994,1994-01-31,1963-01-31,1994-01-31,1994-02-28,1995-01-31,372,312,60,1.8555674666517999e-09,217.76672094961447,0.5853944111548776,372,0.9977337975100153,1.0261986553233888,1.8251878000416675,38,223,0.19394817919809654,0.18571182635869307,0.4842903371401963,0.05732426579817207,8.448260616983587,0.0
gaussian,1995,1995-01-31,1963-01-31,1995-01-31,1995-02-28,1996-01-31,384,324,60,3.368271528959306e-09,179.5162244124353,0.4674901677407169,384,0.9976970494061638,1.0265870670248765,1.8289507807463854,39,230,0.21854019320916182,0.04483229045532667,0.42819386974096385,0.02797006820819085,15.309003415857601,0.0
gaussian,1996,1996-01-31,1963-01-31,1996-01-31,1996-02-29,1997-01-31,396,336,60,4.673618102840334e-09,159.5641798624472,0.4029398481374929,396,0.9976605871174903,1.0269395201932463,1.8288578198578984,40,237,0.1887909762846826,0.3774693793304273,0.3870490762269847,0.0810259527594617,4.776853132181004,-0.0023927593162312855
gaussian,1997,1997-01-31,1963-01-31,1997-01-31,1997-02-28,1998-01-31,408,348,60,2.9909986645316237e-09,191.42978435986274,0.46919064794084003,408,0.9976230545403294,1.0273830190386395,1.8277958634897606,41,244,0.18307989088381776,0.09668383666117558,0.4348537852415222,0.04186526256406089,10.38698335108069,0.0
gaussian,1998,1998-01-31,1963-01-31,1998-01-31,1998-02-28,1999-01-31,420,360,60,2.638808143971557e-09,202.50845114808448,0.48216297892401067,420,0.997585369111915,1.0280588975014422,1.8339307923596084,42,252,0.17452628251857588,0.6560156496919194,0.5459600322138323,0.10561317338793712,5.169431186471578,0.0
gaussian,1999,1999-01-31,1963-01-31,1999-01-31,1999-02-28,2000-01-31,432,372,60,1.6444714295226178e-08,93.7700703436382,0.217060348017681,432,0.9975945450118634,1.0279897138561949,1.8461478080933456,44,259,0.18620242365559805,0.3476812599211798,0.38268625852075255,0.07725956141314008,4.953254348343561,-0.005169465515681981
gaussian,2000,2000-01-31,1963-01-31,2000-01-31,2000-02-29,2001-01-31,444,384,60,6.002168004217054e-09,150.59322496882504,0.3391739301099663,444,0.997489423939617,1.0303309153759264,1.8568704111536902,45,266,0.21446210156065762,1.40678946084232,0.6894676602950172,0.1431581083455944,4.816127205527127,-0.013437663523553356
gaussian,2001,2001-01-31,1963-01-31,2001-01-31,2001-02-28,2002-01-31,456,396,60,3.986047829182239e-09,182.18852050883896,0.39953622918605036,456,0.9972540087571647,1.0401863119307437,1.8838297764792375,46,273,0.4482740919342291,0.4339674106670495,0.5985550463349276,0.0768610231402779,7.7874977703915516,0.0
gaussian,2002,2002-01-31,1963-01-31,2002-01-31,2002-02-28,2003-01-31,468,408,60,1.3123701389314965e-08,111.20787937301719,0.23762367387396835,468,0.9971338894908153,1.041915338122927,1.8980209263930552,47,280,0.4950761815922022,0.22302082330477543,0.3649015244208903,0.058684225895777174,6.218051253993759,0.0
gaussian,2003,2003-01-31,1963-01-31,2003-01-31,2003-02-28,2004-01-31,480,420,60,1.7209472288481363e-08,99.62371631308935,0.2075494089856028,480,0.9970372486788899,1.0431949368975926,1.905405428475121,48,288,0.5766888453523585,0.39053215413982123,0.22956770153716777,0.05274186345332127,4.352665729005663,-0.0010400994168070499
gaussian,2004,2004-01-31,1963-01-31,2004-01-31,2004-02-29,2005-01-31,492,432,60,4.436098664436844e-09,183.0729380042569,0.37209946748832706,492,0.9970033248586895,1.0430395866069173,1.9084399499903424,50,295,0.7314162568985535,0.687495684943959,0.14079695708930848,0.06296499492335769,2.236114800941213,-0.018801855791366617
gaussian,2005,2005-01-31,1963-01-31,2005-01-31,2005-02-28,2006-01-31,504,444,60,3.185913317772655e-08,75.03898076753666,0.14888686660225528,504,0.9969658342137219,1.043023689891233,1.909928891621708,51,302,0.6475024701253448,0.42440720602353493,0.16966684590985112,0.02623215936610698,6.467894752464321,0.0
gaussian,2006,2006-01-31,1963-01-31,2006-01-31,2006-02-28,2007-01-31,516,456,60,1.6444714295226178e-08,103.42299548146386,0.20043216178578266,516,0.9969476719940993,1.0427763048012788,1.9099073868600884,52,309,0.4544674689455814,0.6531796747946926,0.09600037837261478,0.025400097353955237,3.779527969315671,-0.002706785855358551
gaussian,2007,2007-01-31,1963-01-31,2007-01-31,2007-02-28,2008-01-31,528,468,60,1.0479810231723262e-08,127.42808724665016,0.24134107433077684,528,0.9969287047651644,1.0427658554786292,1.908583026471775,53,316,0.5094790039738849,0.9694452998535947,0.02920935356010558,0.041790340949249466,0.6989498744596906,-0.01213493865475912
gaussian,2008,2008-01-31,1963-01-31,2008-01-31,2008-02-29,2009-01-31,540,480,60,1.5767916133249867e-09,276.6721091857767,0.5123557577514384,540,0.9968919499420301,1.0428135944546446,1.9108078852257047,54,324,0.6267018348954211,0.903486099789296,0.5061490017916858,0.12745501469499265,3.971197233807788,-0.019415463522420295
gaussian,2009,2009-01-31,1963-01-31,2009-01-31,2009-02-28,2010-01-31,552,492,60,3.368271528959306e-09,211.9078869755537,0.3838910995933944,552,0.9968536885408121,1.0418603947108906,1.9234565525238123,56,331,0.6183146376867275,1.4657560440611688,0.08413942562153354,0.12145233804010594,0.6927773230166145,-0.08229301792342214
gaussian,2010,2010-01-31,1963-01-31,2010-01-31,2010-02-28,2011-01-31,564,504,60,1.5716219857304774e-08,109.94113856733222,0.19493109675058903,564,0.9968295038752635,1.041653975202656,1.939118552131602,57,338,0.6778557270626622,0.39453062817792023,0.21763994691546618,0.048647109751455975,4.4738515407681,-0.016496321650134593
gaussian,2011,2011-01-31,1963-01-31,2011-01-31,2011-02-28,2012-01-31,576,516,60,1.0373552418514166e-07,42.92340110818102,0.07451979359059205,576,0.996841448094109,1.0410049327886308,1.9336389227227342,58,345,0.6988663577723403,0.5079934256291805,0.14241540305972586,0.02771484961673814,5.138595555420778,0.0
gaussian,2012,2012-01-31,1963-01-31,2012-01-31,2012-02-29,2013-01-31,588,528,60,6.501451457433665e-08,54.92337486500631,0.09340710011055495,588,0.9968544624563072,1.0404165615498966,1.9318142028726355,59,352,0.6416670966756644,0.7680977010770368,0.06519812114455834,0.02621751917633491,2.4868150455443945,-0.010681330912769016
gaussian,2013,2013-01-31,1963-01-31,2013-01-31,2013-02-28,2014-01-31,600,540,60,1.0373552418514166e-07,42.90268451906948,0.07150447419844913,600,0.9968464937069103,1.0402744146316012,1.9254136753761733,60,360,0.5726008772944996,0.5386060997553407,0.14428025536007977,0.037844824198370396,3.8124171116189913,-0.00816874775734533
gaussian,2014,2014-01-31,1963-01-31,2014-01-31,2014-02-28,2015-01-31,612,552,60,3.6098088317071496e-07,21.769021678281366,0.03557029685993687,612,0.9968340836661995,1.0402729698361577,1.9216329227458102,62,367,0.6105184995037091,0.6768277187649341,0.09163261619834166,0.028218418840682928,3.247262602333817,-0.0058082787177271555
gaussian,2015,2015-01-31,1963-01-31,2015-01-31,2015-02-28,2016-01-31,624,564,60,6.247483677724757e-10,399.4929787782886,0.6402131070164881,624,0.9968063230572236,1.0403607989324835,1.9190926857010198,63,374,0.46695598510595776,0.535238194924313,0.22507802049131542,0.07246122771965398,3.1061855777840557,-0.00743327862907206
gaussian,2016,2016-01-31,1963-01-31,2016-01-31,2016-02-29,2017-01-31,636,576,60,1.3155504873551508e-09,320.2872674238097,0.5035963324273737,636,0.9967701967599953,1.0404574199701604,1.9172447436393798,64,381,0.5190897426504024,0.5341907641284925,0.18231337275290546,0.05766860575359856,3.161397269285099,-0.015065547499404919
gaussian,2017,2017-01-31,1963-01-31,2017-01-31,2017-02-28,2018-01-31,648,588,60,4.2187349554844956e-10,452.52790510078387,0.6983455325629381,648,0.9967202993420471,1.0406915789908286,1.9146402903515523,65,388,0.5130236470237199,0.7755351387811275,0.09123553024208239,0.050773162087669604,1.7969243295217017,-0.02368320530231871
gaussian,2018,2018-01-31,1963-01-31,2018-01-31,2018-02-28,2019-01-31,660,600,60,7.2626181658893266e-09,162.2604825540972,0.24584921599105636,660,0.996687221600381,1.040845082480258,1.9075175658335692,66,396,0.5734329994311859,0.6950849872103548,0.08818970303477182,0.03009867124041071,2.9300198115180462,-0.004808193269503658
gaussian,2019,2019-01-31,1963-01-31,2019-01-31,2019-02-28,2020-01-31,672,612,60,2.309726478245987e-09,266.22932019924946,0.3961745836298355,672,0.9966943166148033,1.0403747808571027,1.9045136634110897,68,403,0.5747851314644726,0.6141217466886265,0.15172959425603272,0.05676623469365623,2.6728845954792364,-0.031110496857362002
gaussian,2020,2020-01-31,1963-01-31,2020-01-31,2020-02-29,2021-01-31,684,624,60,5.175562573637602e-09,191.15290840797292,0.2794633163859253,684,0.9966617662094751,1.0405342062228906,1.8999930987012232,69,410,0.6751564057467773,3.56276428776158,-0.0413440534774699,0.20832142571841503,-0.19846280014113404,-0.1471406703921223
gaussian,2021,2021-01-31,1963-01-31,2021-01-31,2021-02-28,2022-01-31,696,636,60,2.4003048448717078e-06,7.911002037816998,0.011366382238242814,696,0.9966201894379044,1.0399854139627709,1.9266927388036563,70,417,0.9498906159261493,0.4765692111481919,0.16197767831398868,0.035322164781181505,4.585723420901006,-0.006076144512240589
gaussian,2022,2022-01-31,1963-01-31,2022-01-31,2022-02-28,2023-01-31,708,648,60,1.7188851402807676e-06,9.586793568634764,0.013540668882252492,708,0.9965272220026431,1.0411327803548007,1.9289903780628788,71,424,0.895936595783898,0.8504764817848276,0.09312087141758213,0.06381547016568996,1.4592209565455503,-0.01564779469437949
gaussian,2023,2023-01-31,1963-01-31,2023-01-31,2023-02-28,2024-01-31,720,660,60,1.7188851402807676e-06,9.666676594610566,0.013425939714736898,720,0.996496483172209,1.0412914307587662,1.9346274164363593,72,432,0.9058946576854645,0.6982074049194563,0.09651246302450905,0.03876201290110231,2.489872320891892,-0.0031299958814396955
gaussian,2024,2024-01-31,1963-01-31,2024-01-31,2024-02-29,2025-01-31,732,672,60,1.294776331579868e-06,11.391268270089547,0.015561841899029436,732,0.9964472016002281,1.0412722055833847,1.9370616511009802,74,439,0.8541065113194385,0.7928988425469159,0.06946687943148394,0.03791522721100045,1.832163079094758,-0.006304886564685086
matern32,1978,1978-01-31,1963-01-31,1978-01-31,1978-02-28,1979-01-31,180,120,60,1.5594482461490982e-07,31.032365611123716,0.17240203117290953,180,0.996938578735241,1.0285932885893279,1.3394856746209374,18,108,0.5985518620035938,0.2781057046300101,0.2877609778604112,0.05229538730839647,5.502607259860732,-0.0016181903210364945
matern32,1979,1979-01-31,1963-01-31,1979-01-31,1979-02-28,1980-01-31,192,132,60,8.243007521583302e-08,44.987502655883816,0.23430990966606155,192,0.9969790425349757,1.0273543967245202,1.3496622370771694,20,115,0.39440476302309385,0.34841776231075783,0.24363200960020837,0.05052893002092867,4.821634052003436,0.0
matern32,1980,1980-01-31,1963-01-31,1980-01-31,1980-02-29,1981-01-31,204,144,60,2.697546056187833e-08,80.19784809592855,0.39312670635259095,204,0.9969675392277662,1.0269560021257225,1.3351344677882737,21,122,0.38599351968604034,0.28173470241505916,0.2821596217813462,0.05132639903139058,5.497358612841335,0.0
matern32,1981,1981-01-31,1963-01-31,1981-01-31,1981-02-28,1982-01-31,216,156,60,2.8112953079815034e-08,80.75572151384088,0.3738690810825967,216,0.9969317140817262,1.0275880310092733,1.3517959391775503,22,129,0.3950456941028398,0.3416652854512776,0.3890563891361367,0.07701795532097529,5.051502438810915,0.0
matern32,1982,1982-01-31,1963-01-31,1982-01-31,1982-02-28,1983-01-31,228,168,60,3.054191821707361e-08,79.13348309102574,0.3470766802237971,228,0.9968476655800145,1.0280586954308355,1.3599256892905247,23,136,0.293837882029096,0.32242727729387943,0.4293845478026812,0.07661403475637411,5.604515532540301,0.0
matern32,1983,1983-01-31,1963-01-31,1983-01-31,1983-02-28,1984-01-31,240,180,60,6.1407662694372e-08,56.22615570305718,0.23427564876273826,240,0.9968019003403488,1.0281141765403148,1.3586005810721604,24,144,0.2980324180541298,0.27280399637392344,0.3565584676023007,0.0649755724276376,5.487577166009502,0.0
matern32,1984,1984-01-31,1963-01-31,1984-01-31,1984-02-29,1985-01-31,252,192,60,5.346699325057498e-08,61.34887190538806,0.24344790438646055,252,0.9967094950170096,1.0289471245821642,1.3516692365949814,26,151,0.3202948716759001,0.19561913628857808,0.34751365263153167,0.05147193694675749,6.7515169089323255,-0.004228868683216813
matern32,1985,1985-01-31,1963-01-31,1985-01-31,1985-02-28,1986-01-31,264,204,60,3.610936432169897e-08,76.23947357562625,0.28878588475616,264,0.9966610966753727,1.0289718245817403,1.3568650850130828,27,158,0.28431828176708007,0.06063221149287726,0.37093562700752924,0.023644649605708796,15.687930808582168,0.0
matern32,1986,1986-01-31,1963-01-31,1986-01-31,1986-02-28,1987-01-31,276,216,60,1.1435224902925814e-07,40.275668187449504,0.14592633401249822,276,0.9965848571197465,1.0294471438744808,1.3513838828721356,28,165,0.25384985674907545,0.22143025939296865,0.3334033014754758,0.05332950982706364,6.25176009598874,0.0
matern32,1987,1987-01-31,1963-01-31,1987-01-31,1987-02-28,1988-01-31,288,228,60,6.346310776830472e-09,167.06336909743254,0.5800811426994186,288,0.9965267259585741,1.0296382610126888,1.3532821139764746,29,172,0.20926773856295122,0.7347855813458821,0.4884226417190823,0.11537749752995786,4.2332573697246545,0.0
matern32,1988,1988-01-31,1963-01-31,1988-01-31,1988-02-29,1989-01-31,300,240,60,2.22196637204772e-09,228.7980116112714,0.7626600387042379,300,0.9966747348037369,1.0284171229110741,1.3558265679789447,30,180,0.2402687761943044,0.050130781522094076,0.3947076349800781,0.025533273346520845,15.458559880801998,0.0
matern32,1989,1989-01-31,1963-01-31,1989-01-31,1989-02-28,1990-01-31,312,252,60,4.68035117236498e-09,192.41460646038834,0.6167134822448345,312,0.9966437154557302,1.028544669724364,1.3464273045007018,32,187,0.1935274241193978,0.09154307311050651,0.3564877112588117,0.03002601320811058,11.872628869773418,0.0
matern32,1990,1990-01-31,1963-01-31,1990-01-31,1990-02-28,1991-01-31,324,264,60,3.5109543272404173e-09,213.94816953047487,0.6603338565755398,324,0.9965968853204713,1.0288859119304172,1.340446702965408,33,194,0.21009148726830149,0.18771790753723985,0.4754209828865663,0.058076548676422646,8.186109431801913,0.0
matern32,1991,1991-01-31,1963-01-31,1991-01-31,1991-02-28,1992-01-31,336,276,60,1.3705212206465614e-07,37.239010103097904,0.1108303872116009,336,0.9965434246704935,1.0293772022864145,1.3450183384146426,34,201,0.25448833782728686,0.5183975816195412,0.1986658622354855,0.06168048133417284,3.2208870284126436,-0.005379887770668779
matern32,1992,1992-01-31,1963-01-31,1992-01-31,1992-02-29,1993-01-31,348,288,60,1.0994176795761658e-10,340.5889339712093,0.9787038332506015,348,0.9964701341513781,1.0308406293880013,1.344054373026383,35,208,0.2852285166063805,0.16572652564440044,0.3648494873016428,0.048927763392959685,7.456900990371895,0.0
matern32,1993,1993-01-31,1963-01-31,1993-01-31,1993-02-28,1994-01-31,360,300,60,1.3098392257630595e-09,289.8944701262464,0.8052624170173511,360,0.9963999373177567,1.0313130508264858,1.3406168420035374,36,216,0.1491730765919557,0.21365443594070907,0.3150292620254184,0.047806401002434114,6.589687895756436,0.0
matern32,1994,1994-01-31,1963-01-31,1994-01-31,1994-02-28,1995-01-31,372,312,60,1.7536891254117415e-09,280.22790604510317,0.7533008227018902,372,0.9963340081751444,1.0317726698475744,1.3353074943229628,38,223,0.1949497390539447,0.16919552714066918,0.498008410024508,0.05364711796670764,9.283041268564741,0.0
matern32,1995,1995-01-31,1963-01-31,1995-01-31,1995-02-28,1996-01-31,384,324,60,3.790967628271686e-09,230.9065171513505,0.601319055081642,384,0.9962786354931267,1.032229570964327,1.3351780707294092,39,230,0.21768712365291612,0.04011424683128925,0.41491117876248007,0.02510236549858841,16.52876812688477,0.0
matern32,1996,1996-01-31,1963-01-31,1996-01-31,1996-02-29,1997-01-31,396,336,60,4.68035117236498e-09,217.58305702086835,0.549452164194112,396,0.9962225186634639,1.0326490429363475,1.3329249065641355,40,237,0.1812119159856541,0.35413555907003164,0.4072052052919624,0.07954436938936725,5.119220988461238,0.0
matern32,1997,1997-01-31,1963-01-31,1997-01-31,1997-02-28,1998-01-31,408,348,60,5.317476451116946e-09,210.2572757169302,0.5153364600905151,408,0.9961624238186274,1.0331695773726595,1.3308963960895435,41,244,0.19637666854576646,0.0796463460940344,0.4517349956528618,0.03817884901292156,11.832074756888897,0.0
matern32,1998,1998-01-31,1963-01-31,1998-01-31,1998-02-28,1999-01-31,420,360,60,2.9739090423602896e-09,261.13689520687444,0.62175451239732,420,0.9961040900971876,1.033963429795844,1.3311345059178907,42,252,0.18498456797803267,0.49568747676647873,0.5360769419301814,0.09156460097236534,5.854630897064381,0.0
matern32,1999,1999-01-31,1963-01-31,1999-01-31,1999-02-28,2000-01-31,432,372,60,1.3810372514213417e-08,140.9532706343016,0.3262807190608833,432,0.9961281604952005,1.0339048874541352,1.337834334726581,44,259,0.17922932134496541,0.30895373499538337,0.38217451629892696,0.07248257160237913,5.272640137486274,-0.007518033308892114
matern32,2000,2000-01-31,1963-01-31,2000-01-31,2000-02-29,2001-01-31,444,384,60,3.790967628271686e-09,249.63604035754614,0.5622433341386174,444,0.9959907351700391,1.0365348945554107,1.3490233828556806,45,266,0.20683409220066665,1.3335320888035447,0.6838622426670136,0.13926682733461276,4.910446053487782,-0.011569683749870996
matern32,2001,2001-01-31,1963-01-31,2001-01-31,2001-02-28,2002-01-31,456,396,60,2.22196637204772e-09,302.353559186531,0.6630560508476557,456,0.9957132575575358,1.0474412855856106,1.3791589535535689,46,273,0.47611380541150755,0.49026738678431975,0.621769059389652,0.07910412525882597,7.860134441222187,0.0
matern32,2002,2002-01-31,1963-01-31,2002-01-31,2002-02-28,2003-01-31,468,408,60,1.0065567564855756e-08,174.4173527709247,0.3726866512199246,468,0.9955568737842836,1.0494646243995878,1.3947641649511464,47,280,0.5036097860677762,0.2105308040950444,0.3640740335978575,0.05659017652851344,6.4335200194050595,0.0
matern32,2003,2003-01-31,1963-01-31,2003-01-31,2003-02-28,2004-01-31,480,420,60,1.3810372514213417e-08,152.49365552624113,0.317695115679669,480,0.9954343426035683,1.0508998620368453,1.4011272916453352,48,288,0.5701508071543999,0.42575613018571373,0.1979752018660808,0.04557045515451752,4.3443762234719525,0.0
matern32,2004,2004-01-31,1963-01-31,2004-01-31,2004-02-29,2005-01-31,492,432,60,2.9739090423602896e-09,292.49246925666,0.5944968887330487,492,0.9953853121556089,1.0507502560158508,1.4035593355578744,50,295,0.7162975830440633,0.7052063947871573,0.13608408664536853,0.06342672599597146,2.1455322580265594,-0.0177057520753503
matern32,2005,2005-01-31,1963-01-31,2005-01-31,2005-02-28,2006-01-31,504,444,60,2.9300762620703324e-08,104.8140944806776,0.2079644731759476,504,0.995340251795497,1.050746442489424,1.405199673930796,51,302,0.6458307755839703,0.42943876352318683,0.16561269106917836,0.02393764108334481,6.918505064578288,0.0
matern32,2006,2006-01-31,1963-01-31,2006-01-31,2006-02-28,2007-01-31,516,456,60,1.5056560392598417e-08,148.91387945775463,0.2885927896468113,516,0.9953205057521417,1.0504838495430044,1.403886775492763,52,309,0.45004361392019737,0.6403881058245121,0.10018683127852832,0.02603625040954167,3.8479746393056744,-0.0058251574872433265
matern32,2007,2007-01-31,1963-01-31,2007-01-31,2007-02-28,2008-01-31,528,468,60,1.0548398641026151e-08,177.54699359471323,0.3362632454445326,528,0.9952949381050541,1.0504848864707117,1.4015312481861983,53,316,0.5157571951659555,0.9741649075035413,0.03041449213244623,0.04387095363348508,0.6932717347915585,-0.014198375621988113
matern32,2008,2008-01-31,1963-01-31,2008-01-31,2008-02-29,2009-01-31,540,480,60,2.22196637204772e-09,334.49333048618973,0.6194320934929439,540,0.9952449886076629,1.050561433841651,1.4035287022638812,54,324,0.6222150720104047,0.8092465481190735,0.474690298326223,0.12147926074904657,3.907583034332456,-0.015912713311866056
matern32,2009,2009-01-31,1963-01-31,2009-01-31,2009-02-28,2010-01-31,552,492,60,4.994276025522659e-09,253.68618362821263,0.4595764196163272,552,0.9951928154538969,1.0495519297575784,1.414832948153901,56,331,0.6233233380298543,1.2179410381716973,0.1341256759110842,0.11532543681988373,1.1630190147951736,-0.05531413604235147
matern32,2010,2010-01-31,1963-01-31,2010-01-31,2010-02-28,2011-01-31,564,504,60,1.5713722425599756e-08,151.67057137008936,0.2689194527838464,564,0.9951673830509844,1.0493675261877347,1.4322788292495152,57,338,0.6597128228826686,0.4040646657653517,0.2164917281610486,0.049927357127188265,4.3361343483401935,-0.015918694893108376
matern32,2011,2011-01-31,1963-01-31,2011-01-31,2011-02-28,2012-01-31,576,516,60,5.596274353436467e-08,76.4237267097771,0.13268008109336302,576,0.9951852388502466,1.0486481286512295,1.4278811831751352,58,345,0.690980721967931,0.4820238076396497,0.1526506978706685,0.029210079118927007,5.22595975345225,-0.0014544407642089752
matern32,2012,2012-01-31,1963-01-31,2012-01-31,2012-02-29,2013-01-31,588,528,60,5.596274353436467e-08,76.6479838586534,0.13035371404532892,588,0.9952065970782523,1.0479951053697674,1.4258241833112733,59,352,0.6371393621858953,0.723805173307845,0.076319049451308,0.025312266460286604,3.0151013766802714,-0.008378359921173084
matern32,2013,2013-01-31,1963-01-31,2013-01-31,2013-02-28,2014-01-31,600,540,60,8.682122054734125e-08,59.31893022927888,0.0988648837154648,600,0.99519388059264,1.0478462751843312,1.4185957500049673,60,360,0.556984134218354,0.5190179318606033,0.1512891776834837,0.038172629774885225,3.9632893666398856,-0.006846007955725875
matern32,2014,2014-01-31,1963-01-31,2014-01-31,2014-02-28,2015-01-31,612,552,60,2.884915457741994e-07,28.908192834431958,0.04723560920658817,612,0.9951748863585944,1.0478544624883792,1.4132318979306622,62,367,0.6102644892012645,0.6595542937471343,0.09693364768841306,0.028664901992567677,3.381614481484929,-0.0050355689434296025
matern32,2015,2015-01-31,1963-01-31,2015-01-31,2015-02-28,2016-01-31,624,564,60,1.0965850561817843e-09,446.55825299440744,0.715638225952576,624,0.9951370616745366,1.047963724653774,1.4111416989833516,63,374,0.4535233387633335,0.5329866475772896,0.21487012347536405,0.0691715595869995,3.1063362566679498,-0.004966316042608887
matern32,2016,2016-01-31,1963-01-31,2016-01-31,2016-02-29,2017-01-31,636,576,60,1.3098392257630595e-09,432.2650685996596,0.6796620575466347,636,0.9950880038409905,1.0480845449082918,1.4087228979622217,64,381,0.4939138664209136,0.5391641858927335,0.1896757469293769,0.061388366720095795,3.0897669552639453,-0.01465143496936916
matern32,2017,2017-01-31,1963-01-31,2017-01-31,2017-02-28,2018-01-31,648,588,60,4.893399439272753e-10,538.0862326057857,0.8303799885891754,648,0.9950187697524235,1.0483688114194636,1.4057082539691845,65,388,0.4779811268959931,0.6330635640122861,0.1254026946975202,0.04565359236627435,2.7468308231130316,-0.008537623764005797
matern32,2018,2018-01-31,1963-01-31,2018-01-31,2018-02-28,2019-01-31,660,600,60,4.68035117236498e-09,282.067788167784,0.42737543661785454,660,0.9949697150358161,1.0485607821944032,1.3992395293790192,66,396,0.5491069963405818,0.679150520254305,0.09450556854069458,0.032009840679508544,2.9523910939423503,-0.0038365971746281424
matern32,2019,2019-01-31,1963-01-31,2019-01-31,2019-02-28,2020-01-31,672,612,60,1.0965850561817843e-09,469.46111630250243,0.6986028516406286,672,0.994979228249043,1.0480544799147888,1.395027907394695,68,403,0.5466703052641714,0.5753045063318108,0.22170596315248975,0.07645971145211336,2.8996442563263396,-0.020754329436812546
matern32,2020,2020-01-31,1963-01-31,2020-01-31,2020-02-29,2021-01-31,684,624,60,4.994276025522659e-09,278.8306860353629,0.40764720180608605,684,0.9949317370493129,1.0482607267453061,1.3899774374380987,69,410,0.6659014447839042,3.408649645753647,-0.029129785325026233,0.20408516443796765,-0.14273347798330696,-0.13634568260605706
matern32,2021,2021-01-31,1963-01-31,2021-01-31,2021-02-28,2022-01-31,696,636,60,2.00641489360315e-06,9.33375882749477,0.013410573028009725,696,0.9948668197774514,1.0476981199308617,1.4197163761202636,70,417,0.9492397351453863,0.47278316625232847,0.16421889311294802,0.03598264203770564,4.563836444829861,-0.006218388250886275
matern32,2022,2022-01-31,1963-01-31,2022-01-31,2022-02-28,2023-01-31,708,648,60,1.549935270966396e-06,10.972095566622684,0.015497310122348423,708,0.9947407164629573,1.0490035955496437,1.4202141790663778,71,424,0.8962066241587225,0.854094666644122,0.08981520404329424,0.06264103741378219,1.4338077361332657,-0.0148695322669401
matern32,2023,2023-01-31,1963-01-31,2023-01-31,2023-02-28,2024-01-31,720,660,60,1.549935270966396e-06,11.075630007364785,0.015382819454673312,720,0.9946929390151387,1.049214218689221,1.4252650251498054,72,432,0.9094159383864745,0.704666833949983,0.09363735522522709,0.037892793808385686,2.4711124679464813,-0.003045663814234878
matern32,2024,2024-01-31,1963-01-31,2024-01-31,2024-02-29,2025-01-31,732,672,60,1.0174086863462535e-06,14.391208597292675,0.019660121034552835,732,0.9946204713764585,1.0492487646497366,1.4285684272280712,74,439,0.857128420692644,0.7886202948514945,0.07122236078296323,0.03847095773048803,1.851327988294918,-0.005932181513838786
