environment,cohort,method,quantity,window,T_first,T_last,replications,OLS_slope,OLS_SE,bootstrap_low,bootstrap_high,bootstrap_draws,theoretical_slope,interpretation
baseline_original_nu05,practical,holdout25,lambda_mean,full,60,1440,50,-0.4832830715411235,0.11490961214426271,-1.064944813024564,-0.30943745981224163,1000,-0.5384615384615384,"descriptive fit; theory is an envelope, not a required equality"
baseline_original_nu05,practical,holdout25,lambda_mean,upper_half,360,1440,50,-0.9394898277869026,0.3376499766764974,-2.9803908281422156,-0.28665568392948293,1000,-0.5384615384615384,"descriptive fit; theory is an envelope, not a required equality"
baseline_original_nu05,practical,holdout25,lambda_mean,largest_four,540,1440,50,-1.3236745040895794,0.47690241359961083,-4.549655392897795,-0.3412964780647673,1000,-0.5384615384615384,"descriptive fit; theory is an envelope, not a required equality"
baseline_original_nu05,practical,holdout25,sample_complexity,full,60,1440,50,0.16411160139092526,0.060630359734019465,0.04629014618342051,0.2945242336339178,1000,0.46153846153846145,"descriptive fit; theory is an envelope, not a required equality"
baseline_original_nu05,practical,holdout25,sample_complexity,upper_half,360,1440,50,0.026334987666701153,0.10665096531706325,-0.3140025351339513,0.44881774047613254,1000,0.46153846153846145,"descriptive fit; theory is an envelope, not a required equality"
baseline_original_nu05,practical,holdout25,sample_complexity,largest_four,540,1440,50,0.19109712894832848,0.10503832475380802,-0.29935626295055,0.7047748109951121,1000,0.46153846153846145,"descriptive fit; theory is an envelope, not a required equality"
baseline_original_nu05,practical,holdout25,population_complexity,full,60,1440,50,0.018824950241090106,0.07618341642104852,-0.1315024827591593,0.20992116171589534,1000,0.46153846153846145,"descriptive fit; theory is an envelope, not a required equality"
baseline_original_nu05,practical,holdout25,population_complexity,upper_half,360,1440,50,-0.017298522876184635,0.11724474884923652,-0.3645320523058943,0.4218204612921793,1000,0.46153846153846145,"descriptive fit; theory is an envelope, not a required equality"
baseline_original_nu05,practical,holdout25,population_complexity,largest_four,540,1440,50,0.16838925406948227,0.10846175443558964,-0.3282413922714133,0.6925285691103757,1000,0.46153846153846145,"descriptive fit; theory is an envelope, not a required equality"
baseline_original_nu05,practical,holdout25,regret,full,60,1440,50,-0.7065236958728992,0.040612990478349556,-0.799068295899106,-0.5960204602038859,1000,-0.5384615384615384,"descriptive fit; theory is an envelope, not a required equality"
baseline_original_nu05,practical,holdout25,regret,upper_half,360,1440,50,-0.8986541107063719,0.06027870763174933,-1.170286715035926,-0.6185540153419078,1000,-0.5384615384615384,"descriptive fit; theory is an envelope, not a required equality"
baseline_original_nu05,practical,holdout25,regret,largest_four,540,1440,50,-0.8137849920560661,0.07002396420925698,-1.1110843067422629,-0.5251337806652363,1000,-0.5384615384615384,"descriptive fit; theory is an envelope, not a required equality"
baseline_original_nu05,practical,holdout25,sharpe_gap,full,60,1440,50,-0.42147415449855585,0.04945524293837663,-0.4932450069491684,-0.3565952497102681,1000,-0.5384615384615384,"descriptive fit; theory is an envelope, not a required equality"
baseline_original_nu05,practical,holdout25,sharpe_gap,upper_half,360,1440,50,-0.7199007962834391,0.061493674949176416,-0.9105188431965421,-0.5352021474793157,1000,-0.5384615384615384,"descriptive fit; theory is an envelope, not a required equality"
baseline_original_nu05,practical,holdout25,sharpe_gap,largest_four,540,1440,50,-0.8007392586708754,0.0774930357268818,-1.116187742760076,-0.5198899016751473,1000,-0.5384615384615384,"descriptive fit; theory is an envelope, not a required equality"
baseline_original_nu05,practical,rolling3,lambda_mean,full,60,1440,50,-0.5405939459650384,0.11305193871074834,-0.8672831488713257,-0.3798536498641949,1000,-0.5384615384615384,"descriptive fit; theory is an envelope, not a required equality"
baseline_original_nu05,practical,rolling3,lambda_mean,upper_half,360,1440,50,-1.2125211476333206,0.20128785390784448,-2.2350451800939113,-0.6413723263889062,1000,-0.5384615384615384,"descriptive fit; theory is an envelope, not a required equality"
baseline_original_nu05,practical,rolling3,lambda_mean,largest_four,540,1440,50,-1.48678244527464,0.24384629607158115,-3.0460782219751716,-0.6814929649280691,1000,-0.5384615384615384,"descriptive fit; theory is an envelope, not a required equality"
baseline_original_nu05,practical,rolling3,sample_complexity,full,60,1440,50,0.3467571982861831,0.08829238302414931,0.21076853954129926,0.5336294280493853,1000,0.46153846153846145,"descriptive fit; theory is an envelope, not a required equality"
baseline_original_nu05,practical,rolling3,sample_complexity,upper_half,360,1440,50,0.34215083517582,0.08235202627572359,0.10031436987536761,0.6393414969266489,1000,0.46153846153846145,"descriptive fit; theory is an envelope, not a required equality"
baseline_original_nu05,practical,rolling3,sample_complexity,largest_four,540,1440,50,0.37738208184445354,0.14354457636470358,0.07655193455478962,0.743630999953651,1000,0.46153846153846145,"descriptive fit; theory is an envelope, not a required equality"
baseline_original_nu05,practical,rolling3,population_complexity,full,60,1440,50,0.2850507951136566,0.10275003939209604,0.13584239157037384,0.5012678104609197,1000,0.46153846153846145,"descriptive fit; theory is an envelope, not a required equality"
baseline_original_nu05,practical,rolling3,population_complexity,upper_half,360,1440,50,0.329679621635542,0.08272714725793812,0.08435934930614251,0.630240874194025,1000,0.46153846153846145,"descriptive fit; theory is an envelope, not a required equality"
baseline_original_nu05,practical,rolling3,population_complexity,largest_four,540,1440,50,0.3683026332566841,0.14341797015095187,0.06487619394569585,0.7390561664263832,1000,0.46153846153846145,"descriptive fit; theory is an envelope, not a required equality"
baseline_original_nu05,practical,rolling3,regret,full,60,1440,50,-0.5614664454977497,0.04766438214814612,-0.6671047620763839,-0.456229179956339,1000,-0.5384615384615384,"descriptive fit; theory is an envelope, not a required equality"
baseline_original_nu05,practical,rolling3,regret,upper_half,360,1440,50,-0.7117485805429554,0.08386132593598396,-0.8749814201547594,-0.5475326376714114,1000,-0.5384615384615384,"descriptive fit; theory is an envelope, not a required equality"
baseline_original_nu05,practical,rolling3,regret,largest_four,540,1440,50,-0.8513971774834849,0.06535525190289344,-1.0563268156688386,-0.6326945943075776,1000,-0.5384615384615384,"descriptive fit; theory is an envelope, not a required equality"
baseline_original_nu05,practical,rolling3,sharpe_gap,full,60,1440,50,-0.47050082027366036,0.06199454789447195,-0.550277448398498,-0.39429996066400025,1000,-0.5384615384615384,"descriptive fit; theory is an envelope, not a required equality"
baseline_original_nu05,practical,rolling3,sharpe_gap,upper_half,360,1440,50,-0.8454654253296241,0.13526734828417064,-1.0835025273392742,-0.6017140341641782,1000,-0.5384615384615384,"descriptive fit; theory is an envelope, not a required equality"
baseline_original_nu05,practical,rolling3,sharpe_gap,largest_four,540,1440,50,-1.0479353756670573,0.14233254096189962,-1.348330505523835,-0.762479634002358,1000,-0.5384615384615384,"descriptive fit; theory is an envelope, not a required equality"
baseline_original_nu05,practical,theory_0.25,lambda_mean,full,60,1440,50,-0.5384615384615385,2.3199137747114988e-16,-0.5384615384615418,-0.5384615384615418,1000,-0.5384615384615384,"descriptive fit; theory is an envelope, not a required equality"
baseline_original_nu05,practical,theory_0.25,lambda_mean,upper_half,360,1440,50,-0.5384615384615387,1.3299175033358788e-15,-0.5384615384615279,-0.5384615384615279,1000,-0.5384615384615384,"descriptive fit; theory is an envelope, not a required equality"
baseline_original_nu05,practical,theory_0.25,lambda_mean,largest_four,540,1440,50,-0.5384615384615384,1.244951499734287e-15,-0.5384615384614932,-0.5384615384614932,1000,-0.5384615384615384,"descriptive fit; theory is an envelope, not a required equality"
baseline_original_nu05,practical,theory_0.25,sample_complexity,full,60,1440,50,0.33212605810967627,0.0016569814881611435,0.3301196669622053,0.334277411944969,1000,0.46153846153846145,"descriptive fit; theory is an envelope, not a required equality"
baseline_original_nu05,practical,theory_0.25,sample_complexity,upper_half,360,1440,50,0.34162447211363584,0.0006271712604212996,0.339648727540162,0.3436319159709449,1000,0.46153846153846145,"descriptive fit; theory is an envelope, not a required equality"
baseline_original_nu05,practical,theory_0.25,sample_complexity,largest_four,540,1440,50,0.34270064055461885,0.00041909315280576115,0.3407663321751125,0.3445398324812144,1000,0.46153846153846145,"descriptive fit; theory is an envelope, not a required equality"
baseline_original_nu05,practical,theory_0.25,population_complexity,full,60,1440,50,0.3189970808868534,0.0027036586610348053,0.31899708088685386,0.31899708088685397,1000,0.46153846153846145,"descriptive fit; theory is an envelope, not a required equality"
baseline_original_nu05,practical,theory_0.25,population_complexity,upper_half,360,1440,50,0.3332584812000079,0.0013799512895650654,0.33325848120000645,0.333258481200007,1000,0.46153846153846145,"descriptive fit; theory is an envelope, not a required equality"
baseline_original_nu05,practical,theory_0.25,population_complexity,largest_four,540,1440,50,0.33561909151682634,0.0009394292612735008,0.3356190915168194,0.33561909151681996,1000,0.46153846153846145,"descriptive fit; theory is an envelope, not a required equality"
baseline_original_nu05,practical,theory_0.25,regret,full,60,1440,50,-0.754979408327207,0.005542525952647539,-0.8279745438015405,-0.6766994356363676,1000,-0.5384615384615384,"descriptive fit; theory is an envelope, not a required equality"
baseline_original_nu05,practical,theory_0.25,regret,upper_half,360,1440,50,-0.7475616350069922,0.02184460427480516,-0.8686418371697444,-0.6313528167825907,1000,-0.5384615384615384,"descriptive fit; theory is an envelope, not a required equality"
baseline_original_nu05,practical,theory_0.25,regret,largest_four,540,1440,50,-0.7437795704339345,0.03896620068381092,-0.8875300484926948,-0.5804014368900487,1000,-0.5384615384615384,"descriptive fit; theory is an envelope, not a required equality"
baseline_original_nu05,practical,theory_0.25,sharpe_gap,full,60,1440,50,-0.600752135889573,0.032001263408952436,-0.6694105889085359,-0.5274411487694263,1000,-0.5384615384615384,"descriptive fit; theory is an envelope, not a required equality"
baseline_original_nu05,practical,theory_0.25,sharpe_gap,upper_half,360,1440,50,-0.7359941404592191,0.01882588432552201,-0.8687511551277247,-0.6005013110479896,1000,-0.5384615384615384,"descriptive fit; theory is an envelope, not a required equality"
baseline_original_nu05,practical,theory_0.25,sharpe_gap,largest_four,540,1440,50,-0.722380787125478,0.031044200978397166,-0.8928205470827445,-0.5297688889527031,1000,-0.5384615384615384,"descriptive fit; theory is an envelope, not a required equality"
baseline_original_nu05,practical,theory_1,lambda_mean,full,60,1440,50,-0.5384615384615388,5.880222761871265e-16,-0.5384615384615419,-0.5384615384615419,1000,-0.5384615384615384,"descriptive fit; theory is an envelope, not a required equality"
baseline_original_nu05,practical,theory_1,lambda_mean,upper_half,360,1440,50,-0.5384615384615393,1.3786861303694668e-15,-0.5384615384615293,-0.5384615384615293,1000,-0.5384615384615384,"descriptive fit; theory is an envelope, not a required equality"
baseline_original_nu05,practical,theory_1,lambda_mean,largest_four,540,1440,50,-0.5384615384615391,5.288836948028746e-16,-0.5384615384614964,-0.5384615384614964,1000,-0.5384615384615384,"descriptive fit; theory is an envelope, not a required equality"
baseline_original_nu05,practical,theory_1,sample_complexity,full,60,1440,50,0.2747902292470723,0.0024185951228959464,0.2720539349770721,0.27760732731057286,1000,0.46153846153846145,"descriptive fit; theory is an envelope, not a required equality"
baseline_original_nu05,practical,theory_1,sample_complexity,upper_half,360,1440,50,0.2900193766914548,0.002024190442430782,0.28764421835171844,0.2923479445255894,1000,0.46153846153846145,"descriptive fit; theory is an envelope, not a required equality"
baseline_original_nu05,practical,theory_1,sample_complexity,largest_four,540,1440,50,0.29337067376332143,0.0016159306869629232,0.29104396074321065,0.2954163547543089,1000,0.46153846153846145,"descriptive fit; theory is an envelope, not a required equality"
baseline_original_nu05,practical,theory_1,population_complexity,full,60,1440,50,0.26877403584646675,0.00274589079110069,0.268774035846467,0.26877403584646714,1000,0.46153846153846145,"descriptive fit; theory is an envelope, not a required equality"
baseline_original_nu05,practical,theory_1,population_complexity,upper_half,360,1440,50,0.2852517810171366,0.0025867311983392397,0.2852517810171352,0.2852517810171358,1000,0.46153846153846145,"descriptive fit; theory is an envelope, not a required equality"
baseline_original_nu05,practical,theory_1,population_complexity,largest_four,540,1440,50,0.28952371654250947,0.002085743676756375,0.2895237165425049,0.28952371654250564,1000,0.46153846153846145,"descriptive fit; theory is an envelope, not a required equality"
baseline_original_nu05,practical,theory_1,regret,full,60,1440,50,-0.5603297802387404,0.004551002784763856,-0.6237196317702841,-0.49461593922533387,1000,-0.5384615384615384,"descriptive fit; theory is an envelope, not a required equality"
baseline_original_nu05,practical,theory_1,regret,upper_half,360,1440,50,-0.5701891707622716,0.013308355521249,-0.6596585166731659,-0.48799654640199536,1000,-0.5384615384615384,"descriptive fit; theory is an envelope, not a required equality"
baseline_original_nu05,practical,theory_1,regret,largest_four,540,1440,50,-0.5861810088839318,0.01812472293641264,-0.6984283506743021,-0.4618925071831495,1000,-0.5384615384615384,"descriptive fit; theory is an envelope, not a required equality"
baseline_original_nu05,practical,theory_1,sharpe_gap,full,60,1440,50,-0.6014693245402746,0.045111421580572006,-0.6755003954791465,-0.5286919398886062,1000,-0.5384615384615384,"descriptive fit; theory is an envelope, not a required equality"
baseline_original_nu05,practical,theory_1,sharpe_gap,upper_half,360,1440,50,-0.8283756286952001,0.019067805068289097,-0.9844878723633943,-0.6906226688885949,1000,-0.5384615384615384,"descriptive fit; theory is an envelope, not a required equality"
baseline_original_nu05,practical,theory_1,sharpe_gap,largest_four,540,1440,50,-0.8270156147398992,0.03413759669569959,-1.0355580424456794,-0.617133086920155,1000,-0.5384615384615384,"descriptive fit; theory is an envelope, not a required equality"
baseline_original_nu05,practical,theory_4,lambda_mean,full,60,1440,50,-0.5384615384615383,1.7608065709368383e-16,-0.5384615384615409,-0.5384615384615409,1000,-0.5384615384615384,"descriptive fit; theory is an envelope, not a required equality"
baseline_original_nu05,practical,theory_4,lambda_mean,upper_half,360,1440,50,-0.5384615384615393,7.399105824116836e-16,-0.5384615384615308,-0.5384615384615308,1000,-0.5384615384615384,"descriptive fit; theory is an envelope, not a required equality"
baseline_original_nu05,practical,theory_4,lambda_mean,largest_four,540,1440,50,-0.5384615384615391,5.288836948028746e-16,-0.5384615384615027,-0.5384615384615027,1000,-0.5384615384615384,"descriptive fit; theory is an envelope, not a required equality"
baseline_original_nu05,practical,theory_4,sample_complexity,full,60,1440,50,0.2539661903168332,0.0013038101803700469,0.24990888105535236,0.2583168682455791,1000,0.46153846153846145,"descriptive fit; theory is an envelope, not a required equality"
baseline_original_nu05,practical,theory_4,sample_complexity,upper_half,360,1440,50,0.25177491436987826,0.00026671898774787296,0.2486033489297122,0.2547398786940005,1000,0.46153846153846145,"descriptive fit; theory is an envelope, not a required equality"
baseline_original_nu05,practical,theory_4,sample_complexity,largest_four,540,1440,50,0.25223982361234765,0.00015966522141500308,0.24912880044564284,0.2548321475746223,1000,0.46153846153846145,"descriptive fit; theory is an envelope, not a required equality"
baseline_original_nu05,practical,theory_4,population_complexity,full,60,1440,50,0.2505402630226525,0.0010270382722989242,0.2505402630226524,0.25054026302265253,1000,0.46153846153846145,"descriptive fit; theory is an envelope, not a required equality"
baseline_original_nu05,practical,theory_4,population_complexity,upper_half,360,1440,50,0.247591760635887,0.0005062618974768317,0.2475917606358863,0.24759176063588667,1000,0.46153846153846145,"descriptive fit; theory is an envelope, not a required equality"
baseline_original_nu05,practical,theory_4,population_complexity,largest_four,540,1440,50,0.24830597553116232,0.0005864833453791137,0.2483059755311596,0.24830597553116004,1000,0.46153846153846145,"descriptive fit; theory is an envelope, not a required equality"
baseline_original_nu05,practical,theory_4,regret,full,60,1440,50,-0.26024422129503516,0.00426993310417231,-0.2995636178703978,-0.22186429253760787,1000,-0.5384615384615384,"descriptive fit; theory is an envelope, not a required equality"
baseline_original_nu05,practical,theory_4,regret,upper_half,360,1440,50,-0.2548592763047516,0.008100355449081444,-0.29524708551217305,-0.21454017407736004,1000,-0.5384615384615384,"descriptive fit; theory is an envelope, not a required equality"
baseline_original_nu05,practical,theory_4,regret,largest_four,540,1440,50,-0.2692531046338362,0.004021344760625973,-0.3209307591033756,-0.21267652095449918,1000,-0.5384615384615384,"descriptive fit; theory is an envelope, not a required equality"
baseline_original_nu05,practical,theory_4,sharpe_gap,full,60,1440,50,-0.40639456527677625,0.03320606457680211,-0.4638249859967897,-0.34938919010785235,1000,-0.5384615384615384,"descriptive fit; theory is an envelope, not a required equality"
baseline_original_nu05,practical,theory_4,sharpe_gap,upper_half,360,1440,50,-0.5785933485675332,0.014618195051855756,-0.7183690750974802,-0.4567186393812889,1000,-0.5384615384615384,"descriptive fit; theory is an envelope, not a required equality"
baseline_original_nu05,practical,theory_4,sharpe_gap,largest_four,540,1440,50,-0.5579256951452778,0.01688315764869385,-0.7465006076186813,-0.37802515755828114,1000,-0.5384615384615384,"descriptive fit; theory is an envelope, not a required equality"
baseline_original_nu05,practical,ensemble_plugin_loss_oracle,lambda_mean,full,60,1440,50,-2.4844368644456907,0.4008327142290395,-2.9240563598904536,-2.1863441515617485,1000,-0.5384615384615384,"descriptive fit; theory is an envelope, not a required equality"
baseline_original_nu05,practical,ensemble_plugin_loss_oracle,lambda_mean,upper_half,360,1440,50,-0.6969384327695141,0.02368545283871258,-0.8410632098911487,-0.5622878367833438,1000,-0.5384615384615384,"descriptive fit; theory is an envelope, not a required equality"
baseline_original_nu05,practical,ensemble_plugin_loss_oracle,lambda_mean,largest_four,540,1440,50,-0.7203905216742637,0.035841518067587376,-0.7203905216742194,-0.42209680081507067,1000,-0.5384615384615384,"descriptive fit; theory is an envelope, not a required equality"
baseline_original_nu05,practical,ensemble_plugin_loss_oracle,sample_complexity,full,60,1440,50,1.4620946679566194,0.23743847365819895,1.2378349809854463,1.7968711135404447,1000,0.46153846153846145,"descriptive fit; theory is an envelope, not a required equality"
baseline_original_nu05,practical,ensemble_plugin_loss_oracle,sample_complexity,upper_half,360,1440,50,0.42145716729915866,0.015542838990150912,0.3387910761805795,0.5009081094964525,1000,0.46153846153846145,"descriptive fit; theory is an envelope, not a required equality"
baseline_original_nu05,practical,ensemble_plugin_loss_oracle,sample_complexity,largest_four,540,1440,50,0.4399046206909785,0.0213558729618876,0.26388611161881026,0.44176621630704505,1000,0.46153846153846145,"descriptive fit; theory is an envelope, not a required equality"
baseline_original_nu05,practical,ensemble_plugin_loss_oracle,population_complexity,full,60,1440,50,1.462150712752589,0.23856908853460324,1.240956077380507,1.795935530790505,1000,0.46153846153846145,"descriptive fit; theory is an envelope, not a required equality"
baseline_original_nu05,practical,ensemble_plugin_loss_oracle,population_complexity,upper_half,360,1440,50,0.4152529181385894,0.016068834581993104,0.3322753385144715,0.49525092187860015,1000,0.46153846153846145,"descriptive fit; theory is an envelope, not a required equality"
baseline_original_nu05,practical,ensemble_plugin_loss_oracle,population_complexity,largest_four,540,1440,50,0.4347680929243467,0.021711851200928087,0.25758711022313935,0.4347680929243405,1000,0.46153846153846145,"descriptive fit; theory is an envelope, not a required equality"
baseline_original_nu05,practical,ensemble_plugin_loss_oracle,regret,full,60,1440,50,-0.5233503870002979,0.05709283638521766,-0.5749845813977115,-0.466199115795343,1000,-0.5384615384615384,"descriptive fit; theory is an envelope, not a required equality"
baseline_original_nu05,practical,ensemble_plugin_loss_oracle,regret,upper_half,360,1440,50,-0.7406264112529887,0.0194958477221319,-0.8636300314659507,-0.626631864480585,1000,-0.5384615384615384,"descriptive fit; theory is an envelope, not a required equality"
baseline_original_nu05,practical,ensemble_plugin_loss_oracle,regret,largest_four,540,1440,50,-0.7484574750660914,0.03409604257174133,-0.8945766728907364,-0.5761366586819081,1000,-0.5384615384615384,"descriptive fit; theory is an envelope, not a required equality"
baseline_original_nu05,practical,ensemble_plugin_loss_oracle,sharpe_gap,full,60,1440,50,-0.7331501395406904,0.034202848082687684,-0.8040507979381413,-0.6742777267089932,1000,-0.5384615384615384,"descriptive fit; theory is an envelope, not a required equality"
baseline_original_nu05,practical,ensemble_plugin_loss_oracle,sharpe_gap,upper_half,360,1440,50,-0.80920125336995,0.0186867768482753,-0.9435210671724865,-0.6677880226520614,1000,-0.5384615384615384,"descriptive fit; theory is an envelope, not a required equality"
baseline_original_nu05,practical,ensemble_plugin_loss_oracle,sharpe_gap,largest_four,540,1440,50,-0.7924608638490948,0.0292899903758249,-0.9743180780777733,-0.586373330596895,1000,-0.5384615384615384,"descriptive fit; theory is an envelope, not a required equality"
baseline_original_nu05,practical,crossfit_loss_oracle,lambda_mean,full,60,1440,50,-2.6202923478355706,0.34692838646272867,-3.049319809120134,-2.2333664118029444,1000,-0.5384615384615384,"descriptive fit; theory is an envelope, not a required equality"
baseline_original_nu05,practical,crossfit_loss_oracle,lambda_mean,upper_half,360,1440,50,-0.6969384327695141,0.02368545283871258,-0.8014177752132642,-0.5942120021675333,1000,-0.5384615384615384,"descriptive fit; theory is an envelope, not a required equality"
baseline_original_nu05,practical,crossfit_loss_oracle,lambda_mean,largest_four,540,1440,50,-0.7203905216742637,0.035841518067587376,-0.725077302104317,-0.4930914160538501,1000,-0.5384615384615384,"descriptive fit; theory is an envelope, not a required equality"
baseline_original_nu05,practical,crossfit_loss_oracle,sample_complexity,full,60,1440,50,1.4724193982149514,0.2144234615360303,1.1917469956337916,1.720493914958579,1000,0.46153846153846145,"descriptive fit; theory is an envelope, not a required equality"
baseline_original_nu05,practical,crossfit_loss_oracle,sample_complexity,upper_half,360,1440,50,0.42145716729915866,0.015542838990150912,0.3598453515476532,0.4754269967520287,1000,0.46153846153846145,"descriptive fit; theory is an envelope, not a required equality"
baseline_original_nu05,practical,crossfit_loss_oracle,sample_complexity,largest_four,540,1440,50,0.4399046206909785,0.0213558729618876,0.30136187840398937,0.44303534343682005,1000,0.46153846153846145,"descriptive fit; theory is an envelope, not a required equality"
baseline_original_nu05,practical,crossfit_loss_oracle,population_complexity,full,60,1440,50,1.4731313898778569,0.21580662511921217,1.1880368519223843,1.7135886866962584,1000,0.46153846153846145,"descriptive fit; theory is an envelope, not a required equality"
baseline_original_nu05,practical,crossfit_loss_oracle,population_complexity,upper_half,360,1440,50,0.4152529181385894,0.016068834581993104,0.35380792010974565,0.4701019895855788,1000,0.46153846153846145,"descriptive fit; theory is an envelope, not a required equality"
baseline_original_nu05,practical,crossfit_loss_oracle,population_complexity,largest_four,540,1440,50,0.4347680929243467,0.021711851200928087,0.2960157565575314,0.4353575639975358,1000,0.46153846153846145,"descriptive fit; theory is an envelope, not a required equality"
baseline_original_nu05,practical,crossfit_loss_oracle,regret,full,60,1440,50,-0.5276491811409483,0.0606274706424909,-0.5845281012947566,-0.47005441429507067,1000,-0.5384615384615384,"descriptive fit; theory is an envelope, not a required equality"
baseline_original_nu05,practical,crossfit_loss_oracle,regret,upper_half,360,1440,50,-0.7406264112529887,0.0194958477221319,-0.8658054632981025,-0.6308462573603677,1000,-0.5384615384615384,"descriptive fit; theory is an envelope, not a required equality"
baseline_original_nu05,practical,crossfit_loss_oracle,regret,largest_four,540,1440,50,-0.7484574750660914,0.03409604257174133,-0.9001653578117731,-0.5826814751985855,1000,-0.5384615384615384,"descriptive fit; theory is an envelope, not a required equality"
baseline_original_nu05,practical,crossfit_loss_oracle,sharpe_gap,full,60,1440,50,-0.7430769435450186,0.04472582310080609,-0.8050464886184465,-0.6769967579745995,1000,-0.5384615384615384,"descriptive fit; theory is an envelope, not a required equality"
baseline_original_nu05,practical,crossfit_loss_oracle,sharpe_gap,upper_half,360,1440,50,-0.80920125336995,0.0186867768482753,-0.9431856295033837,-0.671207610260072,1000,-0.5384615384615384,"descriptive fit; theory is an envelope, not a required equality"
baseline_original_nu05,practical,crossfit_loss_oracle,sharpe_gap,largest_four,540,1440,50,-0.7924608638490948,0.0292899903758249,-0.9745677948987346,-0.586407972473463,1000,-0.5384615384615384,"descriptive fit; theory is an envelope, not a required equality"
