environment,T,selector,replications,lambda_mean,lambda_median,lambda_q25,lambda_q75,lambda_iqr,lambda_geometric_mean,lower_frequency,upper_frequency,lower_contribution_to_mean,upper_contribution_to_mean,zero_policy_frequency,complexity_mean,complexity_median,complexity_sd,complexity_mcse,complexity_ci_low,complexity_ci_high,complexity_q05,complexity_q25,complexity_q75,complexity_q95,regret_mean,regret_median,regret_sd,regret_mcse,regret_ci_low,regret_ci_high,regret_q05,regret_q25,regret_q75,regret_q95
baseline_original_nu05,60,holdout25,50,0.003623567062825679,2.4046660762318735e-05,5.164318206593878e-07,0.01,0.00999948356817934,3.34357081933458e-05,0.0,0.36,0.0,0.0036,0.0,7.087386984917441,1.3718097089125707,11.32668697637824,1.601835433874881,3.947789534522675,10.226984435312207,0.008560737240565212,0.01140970923994402,8.892764200937112,28.729040533150695,0.07071020008846798,0.02650993073391872,0.10641756976635729,0.01504971704383675,0.04121275468254795,0.10020764549438801,0.01415838261452515,0.01421063601344466,0.06923510061097932,0.26563791089824634
baseline_original_nu05,60,rolling3,50,0.004132093564916719,0.00042813323987193956,4.574897994331669e-06,0.01,0.009995425102005668,0.0002099448680827512,0.0,0.4,0.0,0.004,0.0,2.977350321015122,0.1768831191641676,7.162698963841582,1.0129586017860481,0.9919514615144678,4.962749180515776,0.008518313321014805,0.011495716202790591,2.8159673142865236,12.302686462031241,0.03510273854004757,0.014342830594101574,0.054269178641611446,0.007674820845381521,0.020060089683099788,0.05014538739699535,0.013866005927314079,0.01420496451437786,0.03459159116112687,0.10266001390233372
baseline_original_nu05,90,holdout25,50,0.0038973800917488756,4.312810214651999e-05,6.158482110660254e-07,0.01,0.009999384151788934,5.248074602497726e-05,0.0,0.38,0.0,0.0038,0.0,6.294695483508118,1.0333844194344703,12.441658088658759,1.7595161607390135,2.8460438084596515,9.743347158556585,0.009214386181893679,0.010835646340758157,8.329535136325623,24.11737369162781,0.04300524098879482,0.014564541802974285,0.07870897846205523,0.011131130482157033,0.021188225243767032,0.06482225673382261,0.012848934992014343,0.014196739515213969,0.05135653444633237,0.10370565136808617
baseline_original_nu05,90,rolling3,50,0.005941059549389141,0.01,4.73453069073804e-06,0.01,0.009995265469309263,0.0004407684763428381,0.0,0.58,0.0,0.0058,0.0,1.9932739741350327,0.011875583665884135,3.6387736780709847,0.5146003085934217,0.9846573692919263,3.001890578978139,0.009214386181893679,0.010150361293085556,3.0157404012925317,8.329894354413057,0.021904971215627886,0.014218101165078934,0.01727426781544168,0.002442950382466268,0.017116788465994,0.02669315396526177,0.014004574556649208,0.014188386160708388,0.024494153129068552,0.05349112769587937
baseline_original_nu05,120,holdout25,50,0.004851492478362259,0.0010073523410473856,3.883762410004964e-06,0.01,0.009996116237589996,0.000179778123126516,0.0,0.48,0.0,0.0048,0.0,4.594966444171164,0.09718725523675226,9.930116871487082,1.404330595560692,1.8424784768722078,7.347454411470121,0.00920239250388197,0.010382351488427177,3.128661668525345,28.295632689605878,0.030823477939805204,0.014205873383284107,0.03948085364328564,0.005583435867640178,0.019879943639230457,0.04176701224037995,0.012449267407882719,0.014181351832330519,0.023568311927621433,0.12020683781455363
baseline_original_nu05,120,rolling3,50,0.005257518353334191,0.008079241055330127,2.4958789622254193e-05,0.01,0.009975041210377745,0.0004786300923226382,0.0,0.5,0.0,0.005,0.0,1.500324653346506,0.015733453678469594,3.0254226589109137,0.42785937561426846,0.6617202771425399,2.338929029550472,0.009152128742728104,0.010837709167389692,1.3367412766470954,7.961335439732948,0.016921594266345808,0.014208739134715431,0.007968119269113163,0.001126862233698623,0.014712944288296507,0.01913024424439511,0.009548659779959473,0.014179512693911156,0.015255459338674449,0.03732190186588459
baseline_original_nu05,180,holdout25,50,0.0024170472306492834,7.847599703514607e-07,2.976351441631313e-07,0.0005463945971331693,0.0005460969619890062,7.261939585965528e-06,0.0,0.24,0.0,0.0024,0.0,9.249398173063264,7.386178641721012,11.580422230491745,1.6377190176368313,6.039468898495075,12.459327447631454,0.009443424931644923,0.25657822562184823,13.707115989399515,23.63990066570851,0.030171753896039363,0.014220766865663759,0.037346458677660614,0.0052815868368554005,0.01981984369580278,0.040523664096275946,0.009017415677882579,0.013611842931069706,0.03877417870065025,0.06041118449258295
baseline_original_nu05,180,rolling3,50,0.004439450496498395,2.3357214690901213e-05,1e-06,0.01,0.009999000000000001,7.92405294102495e-05,0.0,0.44,0.0,0.0044,0.0,4.432842920688048,1.375326573486427,6.420885158320566,0.9080502873337062,2.6530643575139843,6.2126214838621125,0.009078245211869907,0.01044893246025617,6.598704002212735,19.51059792387995,0.021319732753666866,0.014210077382647346,0.019484659231766913,0.00275554693437829,0.01591886076228542,0.026720604745048313,0.006924120503138393,0.01416823692677191,0.016712769273284633,0.06952116375378667
baseline_original_nu05,240,holdout25,50,0.004036995010309089,3.064205829911184e-05,6.580761508873843e-07,0.01,0.009999341923849114,5.867067065993105e-05,0.0,0.4,0.0,0.004,0.0,7.258879586892232,1.2309813504236229,13.39325901799586,1.8940928547625504,3.5464575915576333,10.97130158222683,0.00932199565332416,0.01032061970943676,8.364314739844446,38.62865187366481,0.022180780688929067,0.014204939362474966,0.027188160428144977,0.003844986521345812,0.014644607107091277,0.029716954270766857,0.0093979675940432,0.01372434914810694,0.01610715934785406,0.060310057333687245
baseline_original_nu05,240,rolling3,50,0.004242209353604578,0.00010535348815229463,1.3616504240745293e-06,0.01,0.009998638349575926,8.98843765667551e-05,0.0,0.42,0.0,0.004200000000000001,0.0,3.494655109911877,0.7009643176324021,4.90676211296473,0.6939209527493185,2.1345700425232126,4.854740177300541,0.00935169787044878,0.010574758790035898,5.408732489809153,11.7640356014514,0.014527278613216338,0.014200044619412655,0.007871839187897703,0.001113246174034494,0.01234531611210873,0.016709241114323946,0.00484633427102103,0.011968198653098366,0.014223348665774183,0.027249990932389626
baseline_original_nu05,360,holdout25,50,0.0024219791737574922,4.407706533726148e-06,5.164318206593878e-07,0.00038701620237221356,0.00038649977055155415,1.311881889988644e-05,0.0,0.24,0.0,0.0024000000000000002,0.0,10.269170300651863,2.9942484700183813,17.74860757585583,2.5100321547013174,5.349507277437281,15.188833323866445,0.009793346090820321,0.24085108202437142,9.691416878530084,60.07362854561521,0.02199811843576294,0.014206015675883588,0.028793248261712437,0.004071980219648927,0.014017037205251043,0.02997919966627484,0.0034062412297812816,0.011176918852477846,0.015258773568337991,0.09621443200188114
baseline_original_nu05,360,rolling3,50,0.0038150704199858476,9.120153439311245e-06,8.385699777635955e-07,0.01,0.009999161430022236,4.927556117529756e-05,0.0,0.38,0.0,0.0038,0.0,4.009896766352658,2.1485277023607563,4.4347471670048915,0.6271679589273979,2.7806475668549586,5.239145965850358,0.009704718814000727,0.010634379527320777,7.390972026661835,12.198769817159514,0.012004823951976799,0.014183278607704353,0.004760771828626966,0.0006732748087408015,0.010685205326844829,0.01332444257710877,0.003992279897346312,0.008370567961543673,0.014219768141453482,0.017040030752412758
baseline_original_nu05,540,holdout25,50,0.0020305726742307116,1.8464574101517556e-06,5.164318206593878e-07,0.00026366508987303556,0.00026314865805237615,9.253707962083234e-06,0.0,0.2,0.0,0.002,0.0,8.616831629472076,4.6341556416801595,12.902775200607163,1.8247279680949882,5.040364812005899,12.193298446938252,0.009874518837785519,0.31154935231952474,9.947902275081356,27.66802623983081,0.013581702844807664,0.013321374960145738,0.011239691591196312,0.0015895324285160658,0.010466219284916176,0.016697186404699152,0.004425527185069955,0.007522083264995455,0.014207164089117041,0.026116632262236546
baseline_original_nu05,540,rolling3,50,0.003006661518628578,3.359818286283781e-06,7.847599703514607e-07,0.01,0.00999921524002965,2.3584766394582514e-05,0.0,0.3,0.0,0.003,0.0,4.77172654824076,3.3578972928369764,4.9920122026218845,0.7059771360479856,3.388011361586708,6.155441734894811,0.009317330909152672,0.01050988703524336,7.657379799454406,13.953310490057795,0.010383024843458735,0.012297564758677326,0.004906695512029962,0.000693911533954797,0.009022958236907332,0.011743091450010137,0.001880706509680935,0.005633846469791343,0.014202655497738609,0.014742291724609932
baseline_original_nu05,720,holdout25,50,0.0026388333518100027,1.6237767391887209e-06,6.158482110660254e-07,0.00795824517770811,0.007957629329497043,1.0858991012559414e-05,0.0,0.26,0.0,0.0026,0.0,8.91159465579852,4.947755703842397,12.119028559583272,1.7138894551749537,5.552371323655612,12.27081798794143,0.00989599769993437,0.023123115426629343,8.954669120534485,32.22349299937332,0.011259145915429142,0.011372618958310543,0.008406209123738729,0.0011888174950935762,0.008929063625045733,0.013589228205812551,0.002012031219957183,0.005977924382057687,0.0141988978023464,0.01821619934707852
baseline_original_nu05,720,rolling3,50,0.0026194305691091247,2.352894489922573e-06,1.068568746425783e-06,0.0076070333099679845,0.007605964741221559,2.1614084355728037e-05,0.0,0.26,0.0,0.0026,0.0,4.331097573075523,4.06693160424493,4.627369224647422,0.6544088315604257,3.0484562632170884,5.613738882933957,0.010120202992923247,0.06329052273036491,6.3987263716790155,12.339697628580181,0.008908056016609121,0.009559231697278903,0.005185339410659334,0.0007333177320062143,0.007470753261876941,0.0103453587713413,0.0015232024258296174,0.004018071993277805,0.014195923134279753,0.01421770613313188
baseline_original_nu05,1080,holdout25,50,0.001209045076871878,8.923799851757304e-07,4.832930238571752e-07,5.162029185556232e-06,4.678736161699057e-06,3.1853553983662225e-06,0.0,0.12,0.0,0.0012,0.0,8.782570518044446,7.118213928954728,9.291814555800396,1.3140610163868656,6.207010925926189,11.358130110162703,0.01030482174734181,2.7663866652281532,10.395105624697658,26.397229414039472,0.007370900713970738,0.006201700968597401,0.0052028107586440265,0.0007357885537335034,0.005928755148653072,0.008813046279288405,0.0016896996742092553,0.003568693945354834,0.010165602311439897,0.014209987797833612
baseline_original_nu05,1080,rolling3,50,0.001030524016527194,1.2742749857031322e-06,7.847599703514607e-07,2.6366508987303555e-06,1.851890928378895e-06,3.509644741569398e-06,0.0,0.1,0.0,0.001,0.0,5.886149784108985,5.751580437555047,3.8466153134642465,0.5439935545533171,4.819922417184484,6.952377151033486,0.009999602751966073,3.857666078526569,7.683373262247977,12.428401557239084,0.005848393647626402,0.004582645138167862,0.004037383533470278,0.0005709722549535475,0.004729288027917449,0.006967499267335355,0.0012557930762649883,0.0030927657612686565,0.007128541117929543,0.014201986327777078
baseline_original_nu05,1440,holdout25,50,0.0006131195188456459,7.847599703514607e-07,3.792690190732246e-07,2.06913808111479e-06,1.6898690620415655e-06,1.6716982766094844e-06,0.0,0.06,0.0,0.0006,0.0,10.796379156769515,7.681206674726861,11.578468312104283,1.6374426918484994,7.586991480746455,14.005766832792574,0.12149797158057703,4.332837797194981,12.05760247145248,34.61431329289623,0.006355150167053632,0.004195495539620675,0.00482843229494719,0.0006828434436514563,0.0050167770174967775,0.007693523316610486,0.0015253838383351703,0.003276071869820596,0.009993193289863478,0.014205608051204221
baseline_original_nu05,1440,rolling3,50,0.0008017090529845574,1e-06,6.158482110660254e-07,1.9577977456332726e-06,1.341949534567247e-06,2.268764790751916e-06,0.0,0.08,0.0,0.0008,0.0,6.483693341486927,6.603923129188992,3.26996522031194,0.46244291630534706,5.577305225528447,7.390081457445407,0.011006748656771016,4.5620810561661145,8.918449646835928,11.341210128087578,0.00464754831640668,0.003379774710559169,0.0035066330829268614,0.0004959128064141345,0.0036755592158349763,0.005619537416978383,0.0014749122721649799,0.0027434659843941778,0.005159878624902636,0.014205608051204221
