kernel,period,metric,base_length_base_penalty,joint_length_base_penalty,base_length_joint_penalty,joint_length_joint_penalty,representation_shapley_contrast,penalty_shapley_contrast,interaction,interpretation
matern32,1978-2024,sharpe,3.4609821606882116,3.4704395376981947,3.405391303006903,3.5868663119746964,0.095466192988888254,0.030417958297596526,0.17201763195781039,Exact descriptive 2x2 contrasts; not a causal decomposition; crossed raw penalties are not retuned
matern32,1978-2024,annual_excess_return,0.28005324390744069,0.26244586592431429,0.30660621913842301,0.2885324082839244,-0.0178405944188125,0.026319758795296216,-0.00046643287137221323,Exact descriptive 2x2 contrasts; not a causal decomposition; crossed raw penalties are not retuned
matern32,1978-2024,annual_volatility,0.080917274607319095,0.075623235349140894,0.090035532441659405,0.080441361118105598,-0.0074441052908660044,0.0069681918016525068,-0.0043001320653756059,Exact descriptive 2x2 contrasts; not a causal decomposition; crossed raw penalties are not retuned
matern32,1979-2024,sharpe,3.4359275258856972,3.445305507039909,3.3701236956245944,3.5526567765546018,0.095955531042109632,0.020773719626794973,0.17315509977579557,Exact descriptive 2x2 contrasts; not a causal decomposition; crossed raw penalties are not retuned
matern32,1979-2024,annual_excess_return,0.27988568447368523,0.262346384472877,0.3052106988264362,0.28699329606865748,-0.017878351379293472,0.024985962974265724,-0.00067810275697050004,Exact descriptive 2x2 contrasts; not a causal decomposition; crossed raw penalties are not retuned
matern32,1979-2024,annual_volatility,0.081458553000630401,0.076146043924643497,0.090563648812857805,0.080782725188270496,-0.0075467163502871068,0.0068708885379272014,-0.0044684145486004051,Exact descriptive 2x2 contrasts; not a causal decomposition; crossed raw penalties are not retuned
matern32,1984-2024,sharpe,3.2851820139198167,3.3135357213098984,3.1908949716242283,3.3923315178842044,0.11489512682502889,-0.007745622860641177,0.1730828388698944,Exact descriptive 2x2 contrasts; not a causal decomposition; crossed raw penalties are not retuned
matern32,1984-2024,annual_excess_return,0.27253537682605627,0.25601791964251691,0.29454910951680707,0.276895664067075,-0.017085451316635719,0.021445738557654442,-0.0011359882661927112,Exact descriptive 2x2 contrasts; not a causal decomposition; crossed raw penalties are not retuned
matern32,1984-2024,annual_volatility,0.082958988473479503,0.077264270306797403,0.092309246194610894,0.081623998894947203,-0.0081899827331728958,0.0068549931546405957,-0.0049905291329815915,Exact descriptive 2x2 contrasts; not a causal decomposition; crossed raw penalties are not retuned
matern32,1984-1999,sharpe,6.3686989936932399,6.2161560976128403,6.5049193191351957,6.2217576192095994,-0.21785229800299799,0.070910923519357461,-0.13061880384519675,Exact descriptive 2x2 contrasts; not a causal decomposition; crossed raw penalties are not retuned
matern32,1984-1999,annual_excess_return,0.39597171321775398,0.37172135887744578,0.41233888671541252,0.38774725583310832,-0.024420992611306203,0.016196535226660536,-0.0003412765419960051,Exact descriptive 2x2 contrasts; not a causal decomposition; crossed raw penalties are not retuned
matern32,1984-1999,annual_volatility,0.062174662927212403,0.059799231718166798,0.063388778013349897,0.062321176677783703,-0.0017215162723058994,0.0018680300228771998,0.0013078298734794103,Exact descriptive 2x2 contrasts; not a causal decomposition; crossed raw penalties are not retuned
matern32,2000-2009,sharpe,2.886812661076164,3.1967750289407819,2.645571949479296,3.2387768105668884,0.45158361447610518,-0.099619464985380768,0.28324249322297446,Exact descriptive 2x2 contrasts; not a causal decomposition; crossed raw penalties are not retuned
matern32,2000-2009,annual_excess_return,0.29087946128911651,0.28194085906070188,0.30173379584685528,0.2966025312177285,-0.0070349334287707066,0.012758003357382697,0.0038073375992878633,Exact descriptive 2x2 contrasts; not a causal decomposition; crossed raw penalties are not retuned
matern32,2000-2009,annual_volatility,0.10076146097429151,0.088195402087496905,0.114052387010772,0.091578564552527303,-0.017519940672519649,0.008337044250755446,-0.0099077635714500956,Exact descriptive 2x2 contrasts; not a causal decomposition; crossed raw penalties are not retuned
matern32,2010-2019,sharpe,3.1266223508783648,3.3821391135992731,3.3083608773458932,3.695576714995314,0.32136630018516454,0.24758806393178467,0.13169907492851252,Exact descriptive 2x2 contrasts; not a causal decomposition; crossed raw penalties are not retuned
matern32,2010-2019,annual_excess_return,0.15398443976538381,0.15559763915296401,0.18878079330929451,0.18298729444584461,-0.0020901497379348516,0.031093004418395645,-0.0074066982510301027,Exact descriptive 2x2 contrasts; not a causal decomposition; crossed raw penalties are not retuned
matern32,2010-2019,annual_volatility,0.049249452759181099,0.0460056886859916,0.057061729450972799,0.049515220101736299,-0.005395136711213,0.0056609040537681996,-0.0043027452760470014,Exact descriptive 2x2 contrasts; not a causal decomposition; crossed raw penalties are not retuned
matern32,2020-2024,sharpe,0.79519639586864888,0.37606150123698312,0.88840619490743522,0.63095009625167886,-0.33829549664371106,0.17404919702674104,0.1616787959759094,Exact descriptive 2x2 contrasts; not a causal decomposition; crossed raw penalties are not retuned
matern32,2020-2024,annual_excess_return,0.077952805567848393,0.034761596233479797,0.11478908223619851,0.070573575356922602,-0.04370335810682225,0.036324127895896459,-0.0010242975449073072,Exact descriptive 2x2 contrasts; not a causal decomposition; crossed raw penalties are not retuned
matern32,2020-2024,annual_volatility,0.098029626357517705,0.092435934332916497,0.1292078813657514,0.11185286407939871,-0.01147435465547695,0.025297592377357951,-0.011761325261751485,Exact descriptive 2x2 contrasts; not a causal decomposition; crossed raw penalties are not retuned
gaussian,1978-2024,sharpe,3.2999026643648031,3.3831008796225079,3.3811565443969074,3.6455327134228224,0.17378719214180993,0.17184285691620937,0.18117795376821011,Exact descriptive 2x2 contrasts; not a causal decomposition; crossed raw penalties are not retuned
gaussian,1978-2024,annual_excess_return,0.27154946134335078,0.26394950608646439,0.2884923430031352,0.28343019813604292,-0.0063310500619893351,0.018211786854681472,0.0025378103897941151,Exact descriptive 2x2 contrasts; not a causal decomposition; crossed raw penalties are not retuned
gaussian,1978-2024,annual_volatility,0.082290142759595897,0.078019992745802,0.0853235687892685,0.077747265054694203,-0.0059232268741840968,0.0013803491692824035,-0.0033061537207803998,Exact descriptive 2x2 contrasts; not a causal decomposition; crossed raw penalties are not retuned
gaussian,1979-2024,sharpe,3.2772430903351166,3.3595984705507882,3.3502715671278498,3.6147584276805063,0.17342112038416402,0.16409421696122561,0.1821314803369849,Exact descriptive 2x2 contrasts; not a causal decomposition; crossed raw penalties are not retuned
gaussian,1979-2024,annual_excess_return,0.27160262844359989,0.2640667133970131,0.28770444714509019,0.28277551297786852,-0.0062324246069042355,0.017405309141172859,0.0026069808793651172,Exact descriptive 2x2 contrasts; not a causal decomposition; crossed raw penalties are not retuned
gaussian,1979-2024,annual_volatility,0.082875337885242706,0.078600676751028706,0.085874963082988504,0.078228052755192803,-0.0059607857310048501,0.0013135006009549477,-0.0033722491935817001,Exact descriptive 2x2 contrasts; not a causal decomposition; crossed raw penalties are not retuned
gaussian,1984-2024,sharpe,3.1135682560742493,3.2130749051271312,3.183250382670606,3.4803964268029408,0.19832634659260839,0.16850182413608317,0.19763939507945283,Exact descriptive 2x2 contrasts; not a causal decomposition; crossed raw penalties are not retuned
gaussian,1984-2024,annual_excess_return,0.26210577199600937,0.25566420699998382,0.27776562186120218,0.27323683708837387,-0.0054851748844269299,0.01661623997679143,0.0019127802231972413,Exact descriptive 2x2 contrasts; not a causal decomposition; crossed raw penalties are not retuned
gaussian,1984-2024,annual_volatility,0.084181797358920299,0.079569949207227694,0.087258490055742696,0.078507389268689304,-0.0066814744693729985,0.0010070663791420034,-0.0041392526353607878,Exact descriptive 2x2 contrasts; not a causal decomposition; crossed raw penalties are not retuned
gaussian,1984-1999,sharpe,5.8304710282216288,6.1394301593492902,5.7550263182098202,6.2947189613263106,0.42432588712207586,0.039922045982605958,0.23073351198882897,Exact descriptive 2x2 contrasts; not a causal decomposition; crossed raw penalties are not retuned
gaussian,1984-1999,annual_excess_return,0.3786522721698799,0.3733411213854802,0.38249424513435831,0.3773988904513399,-0.0052032527337090573,0.0039498710151690541,0.00021579610138128258,Exact descriptive 2x2 contrasts; not a causal decomposition; crossed raw penalties are not retuned
gaussian,1984-1999,annual_volatility,0.064943684710388402,0.060810386582368099,0.066462640478999302,0.059954843539483597,-0.0053205475337680039,0.00033170636286319888,-0.0023744988114954013,Exact descriptive 2x2 contrasts; not a causal decomposition; crossed raw penalties are not retuned
gaussian,2000-2009,sharpe,2.8121913033463564,2.9428880161633826,2.5983665176193886,2.9554664883401993,0.24389834176891845,-0.1006231567750755,0.22640325790378446,Exact descriptive 2x2 contrasts; not a causal decomposition; crossed raw penalties are not retuned
gaussian,2000-2009,annual_excess_return,0.2908453894936931,0.27496819203184708,0.30153812015070081,0.28403896650496718,-0.016688175553789819,0.009881752565063906,-0.0016219561838876073,Exact descriptive 2x2 contrasts; not a causal decomposition; crossed raw penalties are not retuned
gaussian,2000-2009,annual_volatility,0.1034230456326362,0.093434813190860305,0.1160491093561999,0.096106305933613995,-0.0149655179321809,0.0076487782331586956,-0.0099545709808100125,Exact descriptive 2x2 contrasts; not a causal decomposition; crossed raw penalties are not retuned
gaussian,2010-2019,sharpe,2.978065667325664,3.4724180697264244,3.2785737662133627,3.7352368287704847,0.47550773247894118,0.28166342896587948,-0.037689339843638425,Exact descriptive 2x2 contrasts; not a causal decomposition; crossed raw penalties are not retuned
gaussian,2010-2019,annual_excess_return,0.1399712563467039,0.16720270080629121,0.16682855348978851,0.19213900256522701,0.026270946767512904,0.0258967994510102,-0.0019209953841488048,Exact descriptive 2x2 contrasts; not a causal decomposition; crossed raw penalties are not retuned
gaussian,2010-2019,annual_volatility,0.047000728654986203,0.048151661881964597,0.050884489837930202,0.0514395770263575,0.00085301020770284577,0.0035858381636684512,-0.00059584603855109691,Exact descriptive 2x2 contrasts; not a causal decomposition; crossed raw penalties are not retuned
gaussian,2020-2024,sharpe,0.75936746959820167,0.18910707272991931,1.2108033847877231,0.87507783172150155,-0.45299297496725194,0.56870333709055187,0.2345348438020608,Exact descriptive 2x2 contrasts; not a causal decomposition; crossed raw penalties are not retuned
gaussian,2020-2024,annual_excess_return,0.075946767742867793,0.017413123290053699,0.1169631675509325,0.080509676539990194,-0.047493567731878197,0.052056476529000598,0.02208015344187178,Exact descriptive 2x2 contrasts; not a causal decomposition; crossed raw penalties are not retuned
gaussian,2020-2024,annual_volatility,0.1000131962237637,0.092080761648312096,0.096599637084297002,0.092002875197520498,-0.0062645982311140547,-0.0017457227951291482,0.0033356726886751009,Exact descriptive 2x2 contrasts; not a causal decomposition; crossed raw penalties are not retuned
