period,group,tilt,rank,characteristic,long_mean,short_mean,long_minus_short,net_exposure
all,1,positive tilt,1,cop_at,0.1834633538,-0.1933777072,0.376841061,0.424047569
all,1,positive tilt,2,ocf_at,0.1847192434,-0.1875150414,0.3722342848,0.417786946
all,1,positive tilt,3,cop_atl1,0.1696791634,-0.1819571517,0.3516363151,0.3974361652
all,1,positive tilt,4,qmj_prof,0.164305477,-0.1734698001,0.3377752771,0.3773225532
all,1,positive tilt,5,ocf_me,0.1550743258,-0.1705058711,0.3255801969,0.3656301475
all,1,positive tilt,6,fcf_me,0.1456692613,-0.1542862983,0.2999555596,0.3288345345
all,1,negative tilt,1,oaccruals_at,-0.1405233015,0.1340894039,-0.2746127054,-0.3155607513
all,1,negative tilt,2,oaccruals_ni,-0.1287122541,0.1372043723,-0.2659166264,-0.3028183328
all,1,negative tilt,3,noa_gr1a,-0.1305525234,0.1313201223,-0.2618726457,-0.2886085054
all,1,negative tilt,4,cowc_gr1a,-0.1243252296,0.1242127717,-0.2485380012,-0.2833914132
all,1,negative tilt,5,fnl_gr1a,-0.1138603259,0.122999116,-0.2368594419,-0.2594847063
all,1,negative tilt,6,inv_gr1a,-0.1109606505,0.1194856643,-0.2304463148,-0.2607036814
all,2,positive tilt,1,fnl_gr1a,0.08028664359,-0.08125026647,0.1615369101,0.09819657415
all,2,positive tilt,2,ncol_gr1a,0.05312582509,-0.05686667278,0.1099924979,0.07079768353
all,2,positive tilt,3,coa_gr1a,0.040306389,-0.04919011615,0.08949650516,0.04776471067
all,2,positive tilt,4,at_gr1,0.04009731986,-0.04690399828,0.08700131814,0.05655468435
all,2,positive tilt,5,cowc_gr1a,0.03721470574,-0.04489063914,0.08210534488,0.04381523326
all,2,positive tilt,6,dbnetis_at,0.03731811222,-0.04227674401,0.07959485623,0.04964361182
all,2,negative tilt,1,nfna_gr1a,-0.08734488941,0.08698508785,-0.1743299773,-0.1031368802
all,2,negative tilt,2,taccruals_ni,-0.06874023501,0.06338002292,-0.1321202579,-0.08737857939
all,2,negative tilt,3,ocf_at_chg1,-0.05730657468,0.06102085433,-0.118327429,-0.06471537398
all,2,negative tilt,4,cop_at,-0.06028904583,0.04964997937,-0.1099390252,-0.06584387086
all,2,negative tilt,5,ebit_bev,-0.06419667489,0.04118367576,-0.1053803507,-0.07673612762
all,2,negative tilt,6,taccruals_at,-0.05635428806,0.04672239711,-0.1030766852,-0.06396669948
all,3,positive tilt,1,taccruals_ni,0.07411319307,-0.06192565765,0.1360388507,0.02399258342
all,3,positive tilt,2,taccruals_at,0.04806879873,-0.05108385186,0.09915265059,0.01808973869
all,3,positive tilt,3,oaccruals_ni,0.03537872604,-0.03073910534,0.06611783138,0.01143537277
all,3,positive tilt,4,nfna_gr1a,0.03449795051,-0.02708443473,0.06158238524,0.01284144095
all,3,positive tilt,5,iskew_capm_21d,0.0290119307,-0.02322668428,0.05223861498,0.008979896796
all,3,positive tilt,6,oaccruals_at,0.02093671093,-0.03126877281,0.05220548373,0.008633953459
all,3,negative tilt,1,ocf_at,-0.04516589776,0.03555366705,-0.08071956481,-0.01331301243
all,3,negative tilt,2,f_score,-0.04210462146,0.03171479166,-0.07381941312,-0.01133501762
all,3,negative tilt,3,qmj_prof,-0.04350783316,0.02751413631,-0.07102196946,-0.009949775091
all,3,negative tilt,4,cop_atl1,-0.03671054472,0.03323050078,-0.06994104551,-0.009661617496
all,3,negative tilt,5,saleq_gr1,-0.03549063184,0.03243402851,-0.06792466035,-0.01001805881
all,3,negative tilt,6,resff3_12_1,-0.02979479254,0.03363848952,-0.06343328206,-0.01003906556
all,4,positive tilt,1,aliq_mat,0.0274817203,-0.030092609,0.0575743293,0.00248457977
all,4,positive tilt,2,inv_gr1a,0.0258090605,-0.03074782466,0.05655688517,0.001668510624
all,4,positive tilt,3,ncol_gr1a,0.02042541929,-0.02797408754,0.04839950683,0.002277090704
all,4,positive tilt,4,capx_gr1,0.01924604276,-0.02130136905,0.04054741181,0.001476960525
all,4,positive tilt,5,ebitda_mev,0.01016615339,-0.02996396815,0.04013012154,0.001820047496
all,4,positive tilt,6,dolvol_var_126d,0.02842037293,-0.009254065976,0.0376744389,0.001475605442
all,4,negative tilt,1,earnings_variability,-0.04094303471,0.05320305155,-0.09414608626,-0.003628254557
all,4,negative tilt,2,ni_ivol,-0.00990695953,0.04151629461,-0.05142325414,-0.001722032427
all,4,negative tilt,3,betabab_1260d,-0.01618942262,0.02438885956,-0.04057828218,-0.00167569429
all,4,negative tilt,4,betadown_252d,-0.01574678486,0.02352999258,-0.03927677744,-0.001706291208
all,4,negative tilt,5,fnl_gr1a,-0.02080012785,0.01821146734,-0.03901159519,-0.001852539539
all,4,negative tilt,6,cop_atl1,-0.01928864775,0.01932846924,-0.03861711699,-0.001883014793
1978-1989,1,positive tilt,1,ocf_at,0.2228536782,-0.2173288536,0.4401825319,0.5402342942
1978-1989,1,positive tilt,2,cop_at,0.2198464564,-0.2202087655,0.4400552218,0.5411458823
1978-1989,1,positive tilt,3,cop_atl1,0.2163783698,-0.2185605627,0.4349389325,0.5348655422
1978-1989,1,positive tilt,4,ocf_me,0.2126665843,-0.2053597964,0.4180263807,0.5129902992
1978-1989,1,positive tilt,5,qmj_prof,0.1916396522,-0.1912614411,0.3829010933,0.4710632227
1978-1989,1,positive tilt,6,nfna_gr1a,0.1688467566,-0.1628836369,0.3317303936,0.4073272431
1978-1989,1,negative tilt,1,oaccruals_ni,-0.1874697342,0.1809003851,-0.3683701194,-0.4520576797
1978-1989,1,negative tilt,2,oaccruals_at,-0.1753230878,0.1610010285,-0.3363241163,-0.4134745813
1978-1989,1,negative tilt,3,noa_gr1a,-0.171371886,0.1543604933,-0.3257323794,-0.4009212386
1978-1989,1,negative tilt,4,fnl_gr1a,-0.1630181679,0.1564293971,-0.3194475649,-0.3918002869
1978-1989,1,negative tilt,5,cowc_gr1a,-0.1382997386,0.1283185754,-0.266618314,-0.3305811111
1978-1989,1,negative tilt,6,rmax1_21d,-0.1110364563,0.1433665991,-0.2544030554,-0.3155046403
1978-1989,2,positive tilt,1,fnl_gr1a,0.1312259986,-0.1355788281,0.2668048267,0.1303528958
1978-1989,2,positive tilt,2,dbnetis_at,0.1134346707,-0.1189641676,0.2323988383,0.1149657389
1978-1989,2,positive tilt,3,at_gr1,0.05702730306,-0.07068729902,0.1277146021,0.06102423712
1978-1989,2,positive tilt,4,oaccruals_ni,0.06059346761,-0.06291066901,0.1235041366,0.05796367613
1978-1989,2,positive tilt,5,aliq_at,0.05417684861,-0.06325955404,0.1174364026,0.05567318871
1978-1989,2,positive tilt,6,sale_emp_gr1,0.06229377936,-0.04994993883,0.1122437182,0.05460859194
1978-1989,2,negative tilt,1,nfna_gr1a,-0.1407072984,0.1381526205,-0.2788599189,-0.1356628
1978-1989,2,negative tilt,2,rskew_21d,-0.08599701486,0.1015682036,-0.1875652185,-0.08353053641
1978-1989,2,negative tilt,3,iskew_capm_21d,-0.07573852339,0.09203048891,-0.1677690123,-0.07343510405
1978-1989,2,negative tilt,4,iskew_ff3_21d,-0.07461395131,0.08949580255,-0.1641097539,-0.07335592303
1978-1989,2,negative tilt,5,iskew_hxz4_21d,-0.07500833249,0.08895575625,-0.1639640887,-0.07232731982
1978-1989,2,negative tilt,6,taccruals_at,-0.09174808152,0.06976071029,-0.1615087918,-0.08175057635
1978-1989,3,positive tilt,1,taccruals_ni,0.07230091331,-0.07428618338,0.1465870967,0.01760610466
1978-1989,3,positive tilt,2,chcsho_12m,0.06326801891,-0.06203039312,0.125298412,0.01246116222
1978-1989,3,positive tilt,3,taccruals_at,0.03791318567,-0.0480169108,0.08593009647,0.01113191027
1978-1989,3,positive tilt,4,ni_ar1,0.03500762611,-0.03529571046,0.07030333656,0.006902440223
1978-1989,3,positive tilt,5,ncol_gr1a,0.02733222461,-0.03680294341,0.06413516803,0.005787900039
1978-1989,3,positive tilt,6,ivol_ff3_21d,0.04339532344,-0.01893923494,0.06233455838,0.007926542483
1978-1989,3,negative tilt,1,eqnpo_12m,-0.07087592264,0.04978472588,-0.1206606485,-0.01334638402
1978-1989,3,negative tilt,2,qmj_prof,-0.06272447092,0.04014907312,-0.102873544,-0.007269281855
1978-1989,3,negative tilt,3,qmj,-0.05948306576,0.03711475326,-0.09659781902,-0.007698316745
1978-1989,3,negative tilt,4,ebit_bev,-0.06458989961,0.02679295057,-0.09138285018,-0.007092359249
1978-1989,3,negative tilt,5,mispricing_perf,-0.05161446276,0.02259758593,-0.07421204869,-0.004465323496
1978-1989,3,negative tilt,6,f_score,-0.03848631665,0.03305730885,-0.0715436255,-0.004510683978
1978-1989,4,positive tilt,1,aliq_mat,0.04177515965,-0.04975417271,0.09152933236,0.002423131702
1978-1989,4,positive tilt,2,capx_gr3,0.04010055187,-0.03972194107,0.07982249294,0.00184667987
1978-1989,4,positive tilt,3,pi_nix,0.03747131856,-0.04231624089,0.07978755945,0.001737580403
1978-1989,4,positive tilt,4,inv_gr1a,0.03130439429,-0.04113457702,0.07243897131,0.002519384371
1978-1989,4,positive tilt,5,sale_gr3,0.03523856729,-0.03514529928,0.07038386657,0.001603217113
1978-1989,4,positive tilt,6,ncol_gr1a,0.02782204644,-0.04105469793,0.06887674436,0.001734654079
1978-1989,4,negative tilt,1,earnings_variability,-0.04043632375,0.0485625137,-0.08899883745,-0.002229882269
1978-1989,4,negative tilt,2,lti_gr1a,-0.03593483608,0.03880910097,-0.07474393705,-0.001917728935
1978-1989,4,negative tilt,3,fcf_me,-0.016206263,0.03196199545,-0.04816825845,-0.001975069238
1978-1989,4,negative tilt,4,cop_atl1,-0.0244608828,0.0236388989,-0.0480997817,-0.001671398032
1978-1989,4,negative tilt,5,ivol_capm_252d,-0.005320394029,0.04207591333,-0.04739630736,-0.0008819688075
1978-1989,4,negative tilt,6,z_score,-0.02587150712,0.02112486832,-0.04699637544,-0.001628721276
1990-1999,1,positive tilt,1,ocf_at,0.197980449,-0.2004673967,0.3984478458,0.5203097419
1990-1999,1,positive tilt,2,cop_at,0.1816659709,-0.1936875361,0.375353507,0.4902484218
1990-1999,1,positive tilt,3,qmj_prof,0.1733689241,-0.1801450872,0.3535140112,0.4606089914
1990-1999,1,positive tilt,4,ocf_me,0.1655133864,-0.1849805232,0.3504939097,0.4580236654
1990-1999,1,positive tilt,5,cop_atl1,0.1642820188,-0.181643268,0.3459252868,0.4511520162
1990-1999,1,positive tilt,6,fcf_me,0.1600357995,-0.1655738559,0.3256096555,0.4243907647
1990-1999,1,negative tilt,1,oaccruals_at,-0.1349404684,0.1255691655,-0.2605096339,-0.3432211838
1990-1999,1,negative tilt,2,oaccruals_ni,-0.1228336566,0.1340259634,-0.25685962,-0.3366998224
1990-1999,1,negative tilt,3,iskew_capm_21d,-0.1161903606,0.1360118898,-0.2522022504,-0.3348329578
1990-1999,1,negative tilt,4,inv_gr1a,-0.1240477123,0.1270390466,-0.2510867589,-0.3323586685
1990-1999,1,negative tilt,5,rskew_21d,-0.1142132755,0.1343535074,-0.2485667829,-0.3298009505
1990-1999,1,negative tilt,6,cowc_gr1a,-0.1232671098,0.1171559424,-0.2404230522,-0.3183107168
1990-1999,2,positive tilt,1,fnl_gr1a,0.09282271525,-0.09979550898,0.1926182242,0.1690941377
1990-1999,2,positive tilt,2,dbnetis_at,0.06161023619,-0.06918606084,0.130796297,0.103631488
1990-1999,2,positive tilt,3,o_score,0.07117531039,-0.04452947842,0.1157047888,0.09918358791
1990-1999,2,positive tilt,4,iskew_capm_21d,0.05837958019,-0.05706238408,0.1154419643,0.1330434142
1990-1999,2,positive tilt,5,iskew_ff3_21d,0.05103274798,-0.05013322858,0.1011659766,0.1189459999
1990-1999,2,positive tilt,6,iskew_hxz4_21d,0.04964369378,-0.04896384727,0.09860754105,0.1177095868
1990-1999,2,negative tilt,1,nfna_gr1a,-0.1008553417,0.1059122259,-0.2067675676,-0.1816066815
1990-1999,2,negative tilt,2,ebit_bev,-0.1093329758,0.08472654136,-0.1940595172,-0.1730361035
1990-1999,2,negative tilt,3,ni_be,-0.106374729,0.08487656848,-0.1912512975,-0.170282679
1990-1999,2,negative tilt,4,qmj_prof,-0.09868018299,0.07746530641,-0.1761454894,-0.1469004877
1990-1999,2,negative tilt,5,taccruals_ni,-0.08591610078,0.08195903827,-0.167875139,-0.1540017985
1990-1999,2,negative tilt,6,taccruals_at,-0.08120863818,0.07319778062,-0.1544064188,-0.1374248561
1990-1999,3,positive tilt,1,taccruals_ni,0.1094144457,-0.08955340288,0.1989678486,0.05736126427
1990-1999,3,positive tilt,2,taccruals_at,0.08176917341,-0.08099665014,0.1627658236,0.04611803672
1990-1999,3,positive tilt,3,nfna_gr1a,0.07239220778,-0.05801264694,0.1304048547,0.03557326146
1990-1999,3,positive tilt,4,oaccruals_ni,0.05148042868,-0.05135452338,0.1028349521,0.02903021259
1990-1999,3,positive tilt,5,rskew_21d,0.04573630055,-0.0334641636,0.07920046415,0.0226970749
1990-1999,3,positive tilt,6,oaccruals_at,0.02827126243,-0.04473752017,0.0730087826,0.0220399632
1990-1999,3,negative tilt,1,fnl_gr1a,-0.07059003698,0.05342551345,-0.1240155504,-0.03348098914
1990-1999,3,negative tilt,2,ncoa_gr1a,-0.07042860277,0.05334159296,-0.1237701957,-0.03009928559
1990-1999,3,negative tilt,3,at_gr1,-0.06280752168,0.04331262312,-0.1061201448,-0.02520439964
1990-1999,3,negative tilt,4,nncoa_gr1a,-0.0610501628,0.04479951938,-0.1058496822,-0.02456817621
1990-1999,3,negative tilt,5,ocf_at,-0.05452327823,0.04403596194,-0.09855924017,-0.02639373386
1990-1999,3,negative tilt,6,ocf_at_chg1,-0.04559640691,0.04483650226,-0.09043290918,-0.02799741914
1990-1999,4,positive tilt,1,ncol_gr1a,0.03280079872,-0.04102199556,0.07382279428,0.00537372562
1990-1999,4,positive tilt,2,ocf_at_chg1,0.0336856459,-0.0328948312,0.0665804771,0.004848533126
1990-1999,4,positive tilt,3,ebitda_mev,0.01479908936,-0.04312238101,0.05792147037,0.004697859568
1990-1999,4,positive tilt,4,capx_gr2,0.0268573141,-0.02692556642,0.05378288051,0.002467948407
1990-1999,4,positive tilt,5,sale_me,0.01427229031,-0.03753401122,0.05180630153,0.004725066629
1990-1999,4,positive tilt,6,ocf_me,0.01464072131,-0.03436824093,0.04900896224,0.004008714082
1990-1999,4,negative tilt,1,earnings_variability,-0.03274812577,0.04537099825,-0.07811912402,-0.005161780933
1990-1999,4,negative tilt,2,dbnetis_at,-0.03861375523,0.03905648778,-0.07767024301,-0.00627791689
1990-1999,4,negative tilt,3,z_score,-0.03155206924,0.04074609356,-0.07229816281,-0.006676789459
1990-1999,4,negative tilt,4,oaccruals_ni,-0.02502723936,0.03102521993,-0.05605245929,-0.004515302327
1990-1999,4,negative tilt,5,lti_gr1a,-0.02897391091,0.02586994744,-0.05484385835,-0.004993159196
1990-1999,4,negative tilt,6,cash_at,-0.01003572593,0.04456699014,-0.05460271607,-0.005594256505
2000-2009,1,positive tilt,1,cop_at,0.1532721723,-0.1577887126,0.3110608849,0.3630418473
2000-2009,1,positive tilt,2,ocf_at,0.1454129876,-0.1395267869,0.2849397746,0.3334976259
2000-2009,1,positive tilt,3,cop_atl1,0.1377198381,-0.1446099582,0.2823297963,0.3291338049
2000-2009,1,positive tilt,4,resff3_12_1,0.1335536117,-0.1331713523,0.266724964,0.3114092064
2000-2009,1,positive tilt,5,qmj_prof,0.1297955276,-0.1303090043,0.2601045319,0.3043874133
2000-2009,1,positive tilt,6,ocf_at_chg1,0.1236980316,-0.1152721982,0.2389702298,0.278528074
2000-2009,1,negative tilt,1,oaccruals_at,-0.1383565664,0.1392141616,-0.277570728,-0.322867205
2000-2009,1,negative tilt,2,rskew_21d,-0.1202740199,0.1309590993,-0.2512331192,-0.2927266052
2000-2009,1,negative tilt,3,cowc_gr1a,-0.1230390926,0.1260176798,-0.2490567724,-0.2895623887
2000-2009,1,negative tilt,4,iskew_capm_21d,-0.1142987083,0.1255271835,-0.2398258918,-0.2794027163
2000-2009,1,negative tilt,5,inv_gr1a,-0.1048562712,0.118357942,-0.2232142133,-0.2592717836
2000-2009,1,negative tilt,6,iskew_ff3_21d,-0.1056559393,0.1153012063,-0.2209571456,-0.2573328906
2000-2009,2,positive tilt,1,iskew_capm_21d,0.07197376499,-0.07257023922,0.1445440042,0.1033562688
2000-2009,2,positive tilt,2,rskew_21d,0.06723474659,-0.07011575406,0.1373505006,0.09797403734
2000-2009,2,positive tilt,3,kz_index,0.06769748832,-0.06741973426,0.1351172226,0.09604627969
2000-2009,2,positive tilt,4,iskew_hxz4_21d,0.06284443387,-0.06339080181,0.1262352357,0.08910717293
2000-2009,2,positive tilt,5,iskew_ff3_21d,0.06068544822,-0.0618513645,0.1225368127,0.08503440368
2000-2009,2,positive tilt,6,ncol_gr1a,0.06284090822,-0.05824642686,0.1210873351,0.08815897556
2000-2009,2,negative tilt,1,qmj_safety,-0.08178033464,0.06652954636,-0.148309881,-0.1029118709
2000-2009,2,negative tilt,2,tangibility,-0.06817174723,0.067503396,-0.1356751432,-0.09800877138
2000-2009,2,negative tilt,3,z_score,-0.06913378876,0.04543401763,-0.1145678064,-0.08079218568
2000-2009,2,negative tilt,4,qmj,-0.06720777946,0.04580497961,-0.1130127591,-0.07763571469
2000-2009,2,negative tilt,5,tax_gr1a,-0.06327050084,0.04728062123,-0.1105511221,-0.07720049514
2000-2009,2,negative tilt,6,ocf_at_chg1,-0.05516525792,0.05052680617,-0.1056920641,-0.0767424944
2000-2009,3,positive tilt,1,taccruals_ni,0.05909716172,-0.04180935744,0.1009065192,0.01414815332
2000-2009,3,positive tilt,2,iskew_capm_21d,0.04335920993,-0.03874264254,0.08210185247,0.009962068296
2000-2009,3,positive tilt,3,taccruals_at,0.03990796462,-0.03764942971,0.07755739433,0.009921453998
2000-2009,3,positive tilt,4,o_score,0.04273909449,-0.03222686955,0.07496596405,0.01040824919
2000-2009,3,positive tilt,5,debt_gr3,0.03291010541,-0.03899155825,0.07190166366,0.01002111464
2000-2009,3,positive tilt,6,iskew_hxz4_21d,0.03732928718,-0.03284771217,0.07017699935,0.008027445173
2000-2009,3,negative tilt,1,op_atl1,-0.06429729393,0.05033951379,-0.1146368077,-0.01317632697
2000-2009,3,negative tilt,2,ocf_at,-0.06695855233,0.0475163197,-0.114474872,-0.01392267431
2000-2009,3,negative tilt,3,op_at,-0.06175783609,0.04740938859,-0.1091672247,-0.01260265098
2000-2009,3,negative tilt,4,f_score,-0.05616669938,0.04424529447,-0.1004119939,-0.01285082525
2000-2009,3,negative tilt,5,cop_atl1,-0.05504107427,0.04498267569,-0.10002375,-0.01127584938
2000-2009,3,negative tilt,6,mispricing_perf,-0.05638604255,0.04227393359,-0.09865997614,-0.01133760269
2000-2009,4,positive tilt,1,inv_gr1a,0.04268662557,-0.04574467754,0.08843130311,0.002822137365
2000-2009,4,positive tilt,2,taccruals_at,0.03159418522,-0.04214697247,0.0737411577,0.002153825274
2000-2009,4,positive tilt,3,coa_gr1a,0.03248818497,-0.03469249737,0.06718068235,0.001540784334
2000-2009,4,positive tilt,4,oaccruals_at,0.02682249665,-0.03879824832,0.06562074497,0.001963092107
2000-2009,4,positive tilt,5,dolvol_var_126d,0.04426866101,-0.01904739893,0.06331605994,0.001651891048
2000-2009,4,positive tilt,6,turnover_var_126d,0.04181382473,-0.01910555681,0.06091938153,0.001490119979
2000-2009,4,negative tilt,1,earnings_variability,-0.04047312356,0.05910373274,-0.09957685631,-0.002841689422
2000-2009,4,negative tilt,2,ni_ivol,-0.02171668113,0.06341667137,-0.08513335251,-0.002360892164
2000-2009,4,negative tilt,3,fnl_gr1a,-0.02908320158,0.0295890481,-0.05867224968,-0.001822046376
2000-2009,4,negative tilt,4,betadown_252d,-0.02503317194,0.03126717354,-0.05630034548,-0.001417116867
2000-2009,4,negative tilt,5,kz_index,-0.02594591308,0.02443834909,-0.05038426217,-0.001359859082
2000-2009,4,negative tilt,6,qmj_prof,-0.02763050326,0.02107167495,-0.04870217821,-0.00115530465
2010-2019,1,positive tilt,1,cop_at,0.1742655733,-0.18572564,0.3599912133,0.3787273247
2010-2019,1,positive tilt,2,ocf_at,0.1620291411,-0.1706245812,0.3326537222,0.3475798139
2010-2019,1,positive tilt,3,cop_atl1,0.1566112634,-0.1696974446,0.3263087081,0.344557866
2010-2019,1,positive tilt,4,qmj_prof,0.1509334714,-0.1692141636,0.320147635,0.3361794074
2010-2019,1,positive tilt,5,fcf_me,0.1379025147,-0.1629616762,0.3008641909,0.3151037453
2010-2019,1,positive tilt,6,op_at,0.1368692799,-0.1470681308,0.2839374108,0.301105566
2010-2019,1,negative tilt,1,oaccruals_at,-0.1302367316,0.1253749906,-0.2556117222,-0.2659788097
2010-2019,1,negative tilt,2,cowc_gr1a,-0.1233098164,0.1294274236,-0.2527372399,-0.2662167914
2010-2019,1,negative tilt,3,noa_gr1a,-0.1219988717,0.1241920804,-0.2461909521,-0.2524347866
2010-2019,1,negative tilt,4,fnl_gr1a,-0.09919319316,0.1192316056,-0.2184247988,-0.2242465148
2010-2019,1,negative tilt,5,oaccruals_ni,-0.1001610369,0.1164233763,-0.2165844131,-0.2272715189
2010-2019,1,negative tilt,6,inv_gr1a,-0.09639069558,0.1108389831,-0.2072296787,-0.2130068046
2010-2019,2,positive tilt,1,ncol_gr1a,0.07791888043,-0.07875438503,0.1566732655,0.1004855261
2010-2019,2,positive tilt,2,cowc_gr1a,0.07407611951,-0.08158434764,0.1556604672,0.0965015179
2010-2019,2,positive tilt,3,kz_index,0.06580847406,-0.06207119745,0.1278796715,0.09557081393
2010-2019,2,positive tilt,4,fnl_gr1a,0.06074786168,-0.05635036906,0.1170982307,0.07386648868
2010-2019,2,positive tilt,5,rskew_21d,0.06004529082,-0.05571990586,0.1157651967,0.09131643039
2010-2019,2,positive tilt,6,coa_gr1a,0.04781219941,-0.05662643121,0.1044386306,0.04798286365
2010-2019,2,negative tilt,1,dsale_drec,-0.08003545563,0.08998494921,-0.1700204048,-0.07645854815
2010-2019,2,negative tilt,2,nfna_gr1a,-0.06734491666,0.06688054064,-0.1342254573,-0.07600196905
2010-2019,2,negative tilt,3,taccruals_ni,-0.06265886073,0.06503221351,-0.1276910742,-0.0866423081
2010-2019,2,negative tilt,4,ocf_at_chg1,-0.04741574224,0.05026525701,-0.09768099925,-0.05500752981
2010-2019,2,negative tilt,5,resff3_12_1,-0.04287863548,0.05120240785,-0.09408104333,-0.06065461843
2010-2019,2,negative tilt,6,cop_at,-0.04507056409,0.03820067631,-0.0832712404,-0.06082072394
2010-2019,3,positive tilt,1,taccruals_ni,0.05640766054,-0.03539192438,0.09179958491,0.01932147333
2010-2019,3,positive tilt,2,taccruals_at,0.03752194945,-0.03589783053,0.07341977999,0.01543915632
2010-2019,3,positive tilt,3,oaccruals_at,0.03426938208,-0.03721397788,0.07148335995,0.0129516996
2010-2019,3,positive tilt,4,be_me,0.03109708398,-0.03905224827,0.07014933225,0.01266441909
2010-2019,3,positive tilt,5,bev_mev,0.0267784364,-0.03361753395,0.06039597035,0.009709627256
2010-2019,3,positive tilt,6,at_me,0.02421255208,-0.03446466281,0.05867721489,0.0083867842
2010-2019,3,negative tilt,1,capx_gr1,-0.04666062681,0.04780681926,-0.09446744606,-0.01754947461
2010-2019,3,negative tilt,2,cop_atl1,-0.04354242027,0.04801708362,-0.09155950389,-0.01679886548
2010-2019,3,negative tilt,3,cop_at,-0.0405503033,0.04462911514,-0.08517941844,-0.0149085644
2010-2019,3,negative tilt,4,ncol_gr1a,-0.04231996557,0.04013683704,-0.08245680261,-0.02115337226
2010-2019,3,negative tilt,5,ocf_at,-0.04257054915,0.03417596989,-0.07674651905,-0.01460211158
2010-2019,3,negative tilt,6,emp_gr1,-0.03698807916,0.03900627705,-0.07599435621,-0.01333882116
2010-2019,4,positive tilt,1,chcsho_12m,0.04446061701,-0.03449619989,0.07895681691,0.003730603463
2010-2019,4,positive tilt,2,qmj_safety,0.02526705369,-0.04118377712,0.06645083081,0.004217300677
2010-2019,4,positive tilt,3,zero_trades_21d,0.02800972776,-0.03484529265,0.06285502041,0.003501145182
2010-2019,4,positive tilt,4,zero_trades_252d,0.02731680553,-0.03489377218,0.06221057771,0.00344586706
2010-2019,4,positive tilt,5,zero_trades_126d,0.02573234619,-0.0332975996,0.05902994579,0.003291660145
2010-2019,4,positive tilt,6,div12m_me,0.01997318764,-0.037184521,0.05715770864,0.002894417783
2010-2019,4,negative tilt,1,earnings_variability,-0.04905413399,0.06042039825,-0.1094745322,-0.006148844274
2010-2019,4,negative tilt,2,ni_ivol,-0.01652128489,0.0474841234,-0.06400540829,-0.003140046467
2010-2019,4,negative tilt,3,turnover_126d,-0.02607978634,0.03413899819,-0.06021878453,-0.003331071001
2010-2019,4,negative tilt,4,fnl_gr1a,-0.02874844383,0.0289404948,-0.05768893864,-0.002336876135
2010-2019,4,negative tilt,5,betadown_252d,-0.02698113459,0.02820441693,-0.05518555152,-0.003075983469
2010-2019,4,negative tilt,6,f_score,-0.03132981723,0.02148943469,-0.05281925192,-0.003221313025
2020-2024,1,positive tilt,1,ocf_at,0.1906669047,-0.2198146111,0.4104815159,0.227860623
2020-2024,1,positive tilt,2,fcf_me,0.1761494409,-0.2301103685,0.4062598094,0.2205849183
2020-2024,1,positive tilt,3,cop_at,0.1785165978,-0.2148456333,0.3933622311,0.2232618435
2020-2024,1,positive tilt,4,qmj_prof,0.1763404722,-0.2122521521,0.3885926243,0.2139286411
2020-2024,1,positive tilt,5,mispricing_mgmt,0.1627250332,-0.2157609447,0.378485978,0.1991818473
2020-2024,1,positive tilt,6,mispricing_perf,0.169229742,-0.1953719451,0.3646016871,0.1956810888
2020-2024,1,negative tilt,1,noa_gr1a,-0.1321385561,0.1881445852,-0.3202831413,-0.164230129
2020-2024,1,negative tilt,2,rmax5_21d,-0.119942353,0.1826972698,-0.3026396227,-0.166644053
2020-2024,1,negative tilt,3,rmax1_21d,-0.1200665254,0.1790200207,-0.2990865461,-0.1655961145
2020-2024,1,negative tilt,4,fnl_gr1a,-0.1249706219,0.1631920356,-0.2881626575,-0.1465297272
2020-2024,1,negative tilt,5,rvol_21d,-0.1023295317,0.1696527085,-0.2719822402,-0.1458449323
2020-2024,1,negative tilt,6,ivol_capm_21d,-0.100479737,0.1692545804,-0.2697343174,-0.1465780944
2020-2024,2,positive tilt,1,ncol_gr1a,0.09363918224,-0.09989246882,0.1935316511,0.02386635667
2020-2024,2,positive tilt,2,cowc_gr1a,0.08381129234,-0.08583670843,0.1696480008,0.02505284316
2020-2024,2,positive tilt,3,fnl_gr1a,0.06493169637,-0.07050833941,0.1354400358,0.02279719782
2020-2024,2,positive tilt,4,ppeinv_gr1a,0.05476626998,-0.06310404296,0.1178703129,0.02274772218
2020-2024,2,positive tilt,5,aliq_at,0.05848349631,-0.04260528394,0.1010887803,0.01551772209
2020-2024,2,positive tilt,6,coa_gr1a,0.04443592938,-0.05182376771,0.09625969709,0.009141319073
2020-2024,2,negative tilt,1,nfna_gr1a,-0.07536510397,0.08035677313,-0.1557218771,-0.02514257593
2020-2024,2,negative tilt,2,dsale_drec,-0.07385358856,0.07644196063,-0.1502955492,-0.01481037608
2020-2024,2,negative tilt,3,cop_at,-0.05655730566,0.05698389508,-0.1135412007,-0.01586849278
2020-2024,2,negative tilt,4,op_at,-0.06081392315,0.04746870219,-0.1082826253,-0.01835998225
2020-2024,2,negative tilt,5,ocf_at_chg1,-0.04805858632,0.05794925218,-0.1060078385,-0.01810681991
2020-2024,2,negative tilt,6,taccruals_ni,-0.04817553846,0.05490028601,-0.1030758245,-0.01831450167
2020-2024,3,positive tilt,1,taccruals_ni,0.07330328698,-0.07030497239,0.1436082594,0.001613851175
2020-2024,3,positive tilt,2,oaccruals_ni,0.05539158072,-0.04986799498,0.1052595757,0.001847743752
2020-2024,3,positive tilt,3,taccruals_at,0.04245688745,-0.05585980078,0.09831668822,0.0003696649176
2020-2024,3,positive tilt,4,nfna_gr1a,0.03672739104,-0.03793395088,0.07466134192,-0.0002553133323
2020-2024,3,positive tilt,5,oaccruals_at,0.02888142464,-0.04543850852,0.07431993316,0.00158404967
2020-2024,3,positive tilt,6,cash_at,0.0443352202,-0.02233728751,0.06667250771,0.002292456274
2020-2024,3,negative tilt,1,saleq_gr1,-0.03908910397,0.03946703901,-0.07855614298,-0.0007369835543
2020-2024,3,negative tilt,2,ocf_at_chg1,-0.03223155152,0.03769837462,-0.06992992614,-0.002116443118
2020-2024,3,negative tilt,3,kz_index,-0.03312020657,0.03106785284,-0.06418805941,-0.001874756662
2020-2024,3,negative tilt,4,at_gr1,-0.03009382811,0.03283965075,-0.06293347886,-0.001016416188
2020-2024,3,negative tilt,5,cop_atl1,-0.02594462632,0.03189827689,-0.0578429032,-0.001305284159
2020-2024,3,negative tilt,6,netdebt_me,-0.03401031181,0.02312179989,-0.05713211169,-0.001634477174
2020-2024,4,positive tilt,1,div12m_me,0.0198628087,-0.04408439865,0.06394720736,0.0003684299702
2020-2024,4,positive tilt,2,age,0.0139381042,-0.0416322392,0.0555703434,0.0002990008146
2020-2024,4,positive tilt,3,sale_bev,0.02988662004,-0.02164718449,0.05153380453,0.0002519371218
2020-2024,4,positive tilt,4,chcsho_12m,0.03337380729,-0.01517897949,0.04855278678,0.0001900633202
2020-2024,4,positive tilt,5,tangibility,0.03050583572,-0.01749959237,0.04800542809,0.0002494672442
2020-2024,4,positive tilt,6,sale_me,0.02110102284,-0.02437249054,0.04547351337,0.0002525835779
2020-2024,4,negative tilt,1,earnings_variability,-0.04326658263,0.05376839319,-0.09703497581,-0.0004492461261
2020-2024,4,negative tilt,2,ni_ivol,-0.005569936597,0.04370980848,-0.04927974508,-0.0003165481345
2020-2024,4,negative tilt,3,betadown_252d,-0.02041570533,0.02797811155,-0.04839381689,-0.0001417283385
2020-2024,4,negative tilt,4,noa_at,-0.03154275888,0.01545629485,-0.04699905373,-0.0002751139104
2020-2024,4,negative tilt,5,betabab_1260d,-0.01717552113,0.02553526695,-0.04271078809,-0.0002256022382
2020-2024,4,negative tilt,6,qmj_prof,-0.02855284911,0.01154918519,-0.0401020343,-0.0001220756252
