group,period_a,period_b,cosine,sign_agreement
1,1978-1989,1978-1989,1,1
1,1978-1989,1990-1999,0.9875755197,0.9230769231
1,1978-1989,2000-2009,0.9360605815,0.8461538462
1,1978-1989,2010-2019,0.9801029968,1
1,1978-1989,2020-2024,0.9143732185,1
1,1990-1999,1978-1989,0.9875755197,0.9230769231
1,1990-1999,1990-1999,1,1
1,1990-1999,2000-2009,0.9574578484,0.9230769231
1,1990-1999,2010-2019,0.983502788,0.9230769231
1,1990-1999,2020-2024,0.898103457,0.9230769231
1,2000-2009,1978-1989,0.9360605815,0.8461538462
1,2000-2009,1990-1999,0.9574578484,0.9230769231
1,2000-2009,2000-2009,1,1
1,2000-2009,2010-2019,0.9322754201,0.8461538462
1,2000-2009,2020-2024,0.7611239055,0.8461538462
1,2010-2019,1978-1989,0.9801029968,1
1,2010-2019,1990-1999,0.983502788,0.9230769231
1,2010-2019,2000-2009,0.9322754201,0.8461538462
1,2010-2019,2010-2019,1,1
1,2010-2019,2020-2024,0.9353795118,1
1,2020-2024,1978-1989,0.9143732185,1
1,2020-2024,1990-1999,0.898103457,0.9230769231
1,2020-2024,2000-2009,0.7611239055,0.8461538462
1,2020-2024,2010-2019,0.9353795118,1
1,2020-2024,2020-2024,1,1
2,1978-1989,1978-1989,1,1
2,1978-1989,1990-1999,0.8841395618,0.8461538462
2,1978-1989,2000-2009,0.5497636322,0.7692307692
2,1978-1989,2010-2019,0.5529389491,0.6923076923
2,1978-1989,2020-2024,0.6996402269,0.7692307692
2,1990-1999,1978-1989,0.8841395618,0.8461538462
2,1990-1999,1990-1999,1,1
2,1990-1999,2000-2009,0.5532773036,0.6153846154
2,1990-1999,2010-2019,0.5336730679,0.5384615385
2,1990-1999,2020-2024,0.6495876216,0.7692307692
2,2000-2009,1978-1989,0.5497636322,0.7692307692
2,2000-2009,1990-1999,0.5532773036,0.6153846154
2,2000-2009,2000-2009,1,1
2,2000-2009,2010-2019,0.7650108809,0.9230769231
2,2000-2009,2020-2024,0.1947299053,0.5384615385
2,2010-2019,1978-1989,0.5529389491,0.6923076923
2,2010-2019,1990-1999,0.5336730679,0.5384615385
2,2010-2019,2000-2009,0.7650108809,0.9230769231
2,2010-2019,2010-2019,1,1
2,2010-2019,2020-2024,0.3775243737,0.6153846154
2,2020-2024,1978-1989,0.6996402269,0.7692307692
2,2020-2024,1990-1999,0.6495876216,0.7692307692
2,2020-2024,2000-2009,0.1947299053,0.5384615385
2,2020-2024,2010-2019,0.3775243737,0.6153846154
2,2020-2024,2020-2024,1,1
3,1978-1989,1978-1989,1,1
3,1978-1989,1990-1999,0.7805009402,0.6923076923
3,1978-1989,2000-2009,0.4991077996,0.6153846154
3,1978-1989,2010-2019,0.3921017981,0.6153846154
3,1978-1989,2020-2024,-0.1859858769,0.3846153846
3,1990-1999,1978-1989,0.7805009402,0.6923076923
3,1990-1999,1990-1999,1,1
3,1990-1999,2000-2009,0.6096663084,0.7692307692
3,1990-1999,2010-2019,0.6648227905,0.6153846154
3,1990-1999,2020-2024,0.2764213316,0.5384615385
3,2000-2009,1978-1989,0.4991077996,0.6153846154
3,2000-2009,1990-1999,0.6096663084,0.7692307692
3,2000-2009,2000-2009,1,1
3,2000-2009,2010-2019,0.8649553118,0.8461538462
3,2000-2009,2020-2024,0.2842750566,0.6153846154
3,2010-2019,1978-1989,0.3921017981,0.6153846154
3,2010-2019,1990-1999,0.6648227905,0.6153846154
3,2010-2019,2000-2009,0.8649553118,0.8461538462
3,2010-2019,2010-2019,1,1
3,2010-2019,2020-2024,0.5430649127,0.4615384615
3,2020-2024,1978-1989,-0.1859858769,0.3846153846
3,2020-2024,1990-1999,0.2764213316,0.5384615385
3,2020-2024,2000-2009,0.2842750566,0.6153846154
3,2020-2024,2010-2019,0.5430649127,0.4615384615
3,2020-2024,2020-2024,1,1
4,1978-1989,1978-1989,1,1
4,1978-1989,1990-1999,0.2124020721,0.4615384615
4,1978-1989,2000-2009,0.3148086366,0.3846153846
4,1978-1989,2010-2019,0.1203116887,0.4615384615
4,1978-1989,2020-2024,0.4427413362,0.5384615385
4,1990-1999,1978-1989,0.2124020721,0.4615384615
4,1990-1999,1990-1999,1,1
4,1990-1999,2000-2009,0.04846628989,0.6153846154
4,1990-1999,2010-2019,-0.2544533564,0.3846153846
4,1990-1999,2020-2024,0.1105099242,0.4615384615
4,2000-2009,1978-1989,0.3148086366,0.3846153846
4,2000-2009,1990-1999,0.04846628989,0.6153846154
4,2000-2009,2000-2009,1,1
4,2000-2009,2010-2019,0.7052761858,0.7692307692
4,2000-2009,2020-2024,0.6363596279,0.6923076923
4,2010-2019,1978-1989,0.1203116887,0.4615384615
4,2010-2019,1990-1999,-0.2544533564,0.3846153846
4,2010-2019,2000-2009,0.7052761858,0.7692307692
4,2010-2019,2010-2019,1,1
4,2010-2019,2020-2024,0.7707187861,0.9230769231
4,2020-2024,1978-1989,0.4427413362,0.5384615385
4,2020-2024,1990-1999,0.1105099242,0.4615384615
4,2020-2024,2000-2009,0.6363596279,0.6923076923
4,2020-2024,2010-2019,0.7707187861,0.9230769231
4,2020-2024,2020-2024,1,1
