period,group,family,months,long_mean,short_mean,long_minus_short,low,high,fraction_positive,net_exposure
all,1,Debt financing,564,-0.08979236856,0.09313695826,-0.1829293268,-0.2043565226,-0.1628383199,0,-0.202489236
all,2,Debt financing,564,0.0588023779,-0.06176350524,0.1205658831,0.09195813732,0.1489980243,0.8971631206,0.07392009299
all,3,Debt financing,564,-0.02693665203,0.02045380153,-0.04739045356,-0.06085940858,-0.03395557837,0.195035461,-0.009648874129
all,4,Debt financing,564,-0.01781937785,0.01533073378,-0.03315011163,-0.0432531337,-0.02232449969,0.1631205674,-0.001666337861
1978-1989,1,Debt financing,144,-0.1443137216,0.1355872088,-0.2799009303,-0.3108125936,-0.2510275421,0,-0.3451668097
1978-1989,2,Debt financing,144,0.1223303346,-0.1272714979,0.2496018325,0.2349699857,0.2658401474,1,0.1226593173
1978-1989,3,Debt financing,144,-0.01889191286,0.009949930279,-0.02884184314,-0.05851414317,0.00158890232,0.375,-0.003073930544
1978-1989,4,Debt financing,144,-0.01301653651,0.004552489049,-0.01756902555,-0.05037435195,0.01536810958,0.4027777778,-0.0004409507771
1990-1999,1,Debt financing,120,-0.07698649083,0.07474048956,-0.1517269804,-0.1797950018,-0.1278967269,0,-0.1935581735
1990-1999,2,Debt financing,120,0.07721647572,-0.08449078491,0.1617072606,0.1262510221,0.1973957752,1,0.1363628128
1990-1999,3,Debt financing,120,-0.06196478855,0.04478022001,-0.1067450086,-0.1201763883,-0.09267539553,0,-0.03074657892
1990-1999,4,Debt financing,120,-0.03198330115,0.02901747512,-0.06100077627,-0.07171668543,-0.04889775482,0.03333333333,-0.005471136167
2000-2009,1,Debt financing,120,-0.05425566622,0.05672562641,-0.1109812926,-0.1182572131,-0.1031963722,0,-0.1292059735
2000-2009,2,Debt financing,120,0.01346933368,-0.009143071448,0.02261240513,-0.007000249033,0.05205279553,0.5666666667,0.02271764905
2000-2009,3,Debt financing,120,-0.02419627624,0.01982000491,-0.04401628116,-0.06198121815,-0.02344974433,0.175,-0.007560798367
2000-2009,4,Debt financing,120,-0.01873868956,0.02039870322,-0.03913739279,-0.04780889779,-0.03042478371,0.01666666667,-0.001250120319
2010-2019,1,Debt financing,120,-0.06981122294,0.08230525695,-0.1521164799,-0.1643350134,-0.140179779,0,-0.1584228407
2010-2019,2,Debt financing,120,0.02178688378,-0.02374051192,0.0455273957,0.03160445708,0.0587434166,0.95,0.03509421269
2010-2019,3,Debt financing,120,-0.01082735315,0.01107726457,-0.02190461772,-0.03503232199,-0.01027775783,0.175,-0.003666172542
2010-2019,4,Debt financing,120,-0.01321653839,0.01110380287,-0.02432034125,-0.03354504445,-0.01478488085,0.1416666667,-0.0005178227703
2020-2024,1,Debt financing,60,-0.09558857272,0.1225353607,-0.2181239334,-0.2450466672,-0.1817401541,0,-0.1126244994
2020-2024,2,Debt financing,60,0.03420416284,-0.04037661785,0.0745807807,0.06557921802,0.0822678821,1,0.01211716325
2020-2024,3,Debt financing,60,-0.0138871023,0.01703092273,-0.03091802503,-0.05789133693,-0.002267737903,0.2333333333,0.0006251161561
2020-2024,4,Debt financing,60,-0.008385405962,0.01214296139,-0.02052836735,-0.02721643843,-0.0128513196,0.1833333333,-0.0001271355179
