period,group,mean_long,mean_short,mean_gross,mean_net,mean_long_count,mean_short_count,annual_long_payoff,annual_short_payoff,annual_mean,annual_volatility,top10_share
all,1,1.204843942,1.061914057,2.266757999,0.1429298858,2047.37234,1851.129433,0.2195444401,0.02368543405,0.2432298742,0.08075751982,0.0101232842
all,2,0.6147569562,0.6481337264,1.262890683,-0.03337677017,1919.432624,1979.069149,0.05997691778,-0.03238203242,0.02759488536,0.0393266889,0.01096328653
all,3,0.1577386133,0.168887546,0.3266261593,-0.01114893275,1913.464539,1985.037234,0.007732617208,-0.007263612621,0.0004690045864,0.008348681486,0.011489988
all,4,0.03942039426,0.03828827643,0.07770867069,0.001132117833,1976.845745,1921.656028,0.001490216131,-0.001234518912,0.0002556972195,0.002668228575,0.01177911548
1978-1989,1,1.292034524,1.178668861,2.470703385,0.1133656634,1584.826389,1512.604167,0.2599184719,0.06935658474,0.3292750566,0.06238709675,0.01190331538
1978-1989,2,0.4835099207,0.503461655,0.9869715757,-0.01995173434,1527.479167,1569.951389,0.03189570957,-0.01322331889,0.01867239068,0.02020717335,0.01342468235
1978-1989,3,0.1000611395,0.1053009168,0.2053620563,-0.005239777312,1510.305556,1587.125,0.0007877401872,-0.00022289953,0.0005648406572,0.004581161256,0.0137959499
1978-1989,4,0.02504860723,0.02272381572,0.04777242295,0.002324791505,1574.298611,1523.131944,-0.0005769544884,0.0001570081484,-0.00041994634,0.002597612306,0.01409710721
1990-1999,1,1.362340823,1.27658305,2.638923873,0.08575777372,2546.1,2408.925,0.292231744,0.05987856755,0.3521103115,0.07020537798,0.007971392809
1990-1999,2,0.8888506052,0.8985416254,1.787392231,-0.009691020224,2446.483333,2508.541667,0.09024723787,-0.05177184951,0.03847538836,0.03819016161,0.008567912757
1990-1999,3,0.2756746329,0.316424807,0.5920994399,-0.04075017405,2389.533333,2565.491667,0.01713992318,-0.01928447889,-0.002144555708,0.01016080267,0.008999212318
1990-1999,4,0.07110007017,0.07038429347,0.1414843636,0.0007157767016,2506.991667,2448.033333,0.004918169483,-0.003577684998,0.001340484485,0.003894399887,0.009338387946
2000-2009,1,1.235778947,1.099221375,2.335000322,0.1365575718,2242.441667,2077.091667,0.1945911012,0.06273193758,0.2573230388,0.09891077255,0.00923686898
2000-2009,2,0.6862569702,0.7656796089,1.451936579,-0.07942263869,2084.541667,2234.991667,0.0294196762,0.001429869254,0.03084954546,0.05650147731,0.009413409991
2000-2009,3,0.1413787844,0.1435544066,0.284933191,-0.002175622237,2147.825,2171.708333,-0.004935035387,0.008023189771,0.003088154384,0.007770802149,0.0101674933
2000-2009,4,0.03009198157,0.02953528832,0.05962726989,0.0005566932448,2191.625,2127.908333,-0.00251623383,0.002100884705,-0.0004153491257,0.002149253971,0.0104310395
2010-2019,1,1.160082605,0.9667043506,2.126786955,0.1933782541,1862.6,1634.475,0.1633382737,-0.05439315251,0.1089451212,0.04937409071,0.01108409453
2010-2019,2,0.6486395372,0.6962060803,1.344845618,-0.04756654309,1744.5,1752.575,0.08417267987,-0.05454688733,0.02962579254,0.04255805481,0.01175571675
2010-2019,3,0.192507287,0.1967411217,0.3892484086,-0.004233834669,1735.891667,1761.183333,0.01802038455,-0.01737314665,0.0006472379071,0.01152841434,0.01232684126
2010-2019,4,0.05166803771,0.05050598456,0.1021740223,0.001162053151,1774.258333,1722.816667,0.004224407579,-0.003471302898,0.0007531046812,0.002314801168,0.01258996966
2020-2024,1,0.7082454496,0.4681693147,1.176414764,0.2400761349,2139.433333,1529.383333,0.1395911669,-0.08024742857,0.05934373835,0.09347936306,0.01000620193
2020-2024,2,0.170797354,0.1632944271,0.3340917811,0.007502926826,1825.666667,1843.15,0.07955413623,-0.06287740421,0.01667673202,0.02618921656,0.01136157679
2020-2024,3,0.02347482136,0.02138006178,0.04485488313,0.002094759578,1815.333333,1853.483333,0.01034548061,-0.01047412825,-0.0001286476305,0.003714020265,0.01190851369
2020-2024,4,0.004714869832,0.004521508005,0.009236377837,0.0001933618271,1858.283333,1810.533333,0.002140035942,-0.002085090944,5.494499718e-05,0.0006738139294,0.01217183401
