environment,T,method,replications,lambda_mean,projection_floor,complexity_mean,complexity_mcse,complexity_ci_low,complexity_ci_high,population_loss_mean,population_loss_mcse,population_loss_ci_low,population_loss_ci_high,population_sharpe_mean,population_sharpe_mcse,population_sharpe_ci_low,population_sharpe_ci_high,regret_mean,regret_mcse,regret_ci_low,regret_ci_high,estimation_norm_mean,estimation_norm_mcse,estimation_norm_ci_low,estimation_norm_ci_high,cross_term_mean,cross_term_mcse,cross_term_ci_low,cross_term_ci_high,population_bias_mean,population_bias_mcse,population_bias_ci_low,population_bias_ci_high,population_complexity_mean,population_complexity_mcse,population_complexity_ci_low,population_complexity_ci_high,sharpe_gap_mean,sharpe_gap_mcse,sharpe_gap_ci_low,sharpe_gap_ci_high,population_complexity_1024,relative_population_complexity_1024,rank_audit_passed,quadrature_audit_passed
rich6d_rough,60,theory_1,100,8.545387815951455e-06,0.0001176843510641,2.4909671356691057,0.0082106318121567,2.4748742973172786,2.5070599740209327,1.012911660386956,0.0018496722306656,1.009286302814851,1.016537017959061,0.0319058066804027,0.0041540911216321,0.0237637880820037,0.0400478252788018,0.0271273466614663,0.0018496722306656,0.0235019890893615,0.030752704233571,0.0197555453468167,0.0017287700877698,0.0163671559747877,0.0231439347188457,3.5450443108518216e-06,0.0004496583141968,-0.0008777852515148,0.0008848753401365,0.0073682562703387,1.7434626923745965e-19,0.0073682562703387,0.0073682562703387,2.570883173841714,6.69489673871845e-16,2.570883173841713,2.5708831738417155,0.0881803549942812,0.0041540911216321,0.0800383363958821,0.0963223735926802,2.6507410774774027,0.044179017957956715,True,True
rich6d_rough,90,theory_1,100,6.700034233118962e-06,0.0001176843510641,2.852910132226393,0.0070975631810943,2.8389989083914475,2.8668213560613376,1.0064790067153535,0.0015077230030701,1.003523869629336,1.009434143801371,0.044412631580446,0.0038778314640419,0.0368120819109237,0.0520131812499682,0.0206946929898628,0.0015077230030701,0.0177395559038453,0.0236498300758802,0.0141285730456243,0.0014064889296025,0.0113718547436033,0.0168852913476453,1.837391776636669e-05,0.0004014682353197,-0.0007685038234604,0.0008052516589931,0.0065477460264721,0.0,0.0065477460264721,0.0065477460264721,2.9229958099119044,4.463264492478967e-17,2.9229958099119044,2.9229958099119044,0.0756735300942379,0.0038778314640419,0.0680729804247157,0.0832740797637601,3.0245507481860883,0.03360611942428987,True,True
rich6d_rough,120,theory_1,100,5.637853411885125e-06,0.0001176843510641,3.1425170115983354,0.0068806003613799,3.1290310348900308,3.15600298830664,1.0030538476323234,0.0012729760840704,1.0005588145075452,1.0055488807571016,0.0535775726213207,0.0036561865758917,0.0464114469325728,0.0607436983100686,0.0172695339068335,0.0012729760840704,0.0147745007820553,0.0197645670316116,0.0114431408150851,0.0012346933267624,0.0090231418946307,0.0138631397355396,-0.0001284987901215,0.0003601892198574,-0.0008344696610421,0.000577472080799,0.0059548918818699,0.0,0.0059548918818699,0.0059548918818699,3.208281333665774,2.2316322462394835e-16,3.2082813336657736,3.2082813336657745,0.0665085890533632,0.0036561865758917,0.0593424633646153,0.0736747147421111,3.328647816317837,0.02773873180264864,True,True
rich6d_rough,180,theory_1,100,4.4203740865248355e-06,0.0001176843510641,3.610032755399008,0.0059215683485451,3.598426481435859,3.621639029362156,0.999330372494428,0.0008325902403496,0.9976984956233426,1.0009622493655133,0.0617486587208946,0.0031137401840142,0.0556457279602268,0.0678515894815625,0.0135460587689377,0.0008325902403496,0.0119141818978524,0.015177935640023,0.0082876423708549,0.0008051146613906,0.0067096176345292,0.0098656671071806,0.0001385567617293,0.0003370825226588,-0.000522124982682,0.0007992385061406,0.0051198596363534,2.6151940385618948e-19,0.0051198596363534,0.0051198596363534,3.6702131813006345,5.355917390974759e-16,3.6702131813006336,3.6702131813006353,0.0583375029537892,0.0031137401840142,0.0522345721931214,0.0644404337144571,3.823035805846166,0.02123908781025648,True,True
rich6d_rough,240,theory_1,100,3.719596088380188e-06,0.0001176843510641,3.995867476015457,0.0052058250078222,3.985664059000125,4.006070893030788,0.9973713417661408,0.0005872959424158,0.9962202417190058,0.9985224418132757,0.0680749449768906,0.00289159868858,0.0624074115472737,0.0737424784065074,0.0115870280406501,0.0005872959424158,0.0104359279935151,0.0127381280877851,0.0069386511714115,0.0005330152209468,0.0058939413383557,0.0079833610044674,0.0001091725585613,0.0003170707778953,-0.0005122861661135,0.0007306312832362,0.0045392043106772,6.102119423311089e-19,0.0045392043106772,0.0045392043106772,4.0477602691796095,8.926528984957934e-16,4.047760269179608,4.047760269179611,0.0520112166977933,0.00289159868858,0.0463436832681765,0.0576787501274102,4.228700307216357,0.017619584613401486,True,True
rich6d_rough,360,theory_1,100,2.9163592878725138e-06,0.0001176843510641,4.622932802283676,0.0051428861059085,4.612852745516095,4.633012859051258,0.9952738937656268,0.000504541717871,0.9942849919985997,0.9962627955326538,0.0771972723615381,0.0025662379725615,0.0721674459353176,0.0822270987877587,0.0094895800401367,0.000504541717871,0.0085006782731095,0.0104784818071639,0.0055851293342797,0.0004543572197487,0.0046945891835721,0.0064756694849872,0.0001477721730352,0.0002585929482806,-0.0003590700055947,0.0006546143516652,0.0037566785328218,3.486925384749193e-19,0.0037566785328218,0.0037566785328218,4.663550570935225,9.819181883453728e-16,4.663550570935223,4.663550570935227,0.0428888893131457,0.0025662379725615,0.0378590628869252,0.0479187157393663,4.892981927859586,0.01359161646627663,True,True
rich6d_rough,540,theory_1,100,2.286579320407906e-06,0.0001176843510641,5.352747848281459,0.0045262625945885,5.343876373596066,5.3616193229668525,0.9926465005290086,0.0003058330204779,0.992047067808872,0.9932459332491452,0.0902194257871926,0.0016876965986483,0.0869115404538418,0.0935273111205434,0.006862186803518,0.0003058330204779,0.0062627540833812,0.0074616195236547,0.0038035675102913,0.0002768817221806,0.0032608793348172,0.0043462556857654,2.091410194932631e-05,0.0002235713111022,-0.0004172856678109,0.0004591138717096,0.0030377051912773,3.486925384749193e-19,0.0030377051912773,0.0030377051912773,5.395580228896279,0.0,5.395580228896279,5.395580228896279,0.0298667358874913,0.0016876965986483,0.0265588505541405,0.0331746212208421,5.68633084918845,0.010530242313311945,True,True
rich6d_rough,720,theory_1,100,1.924079575501893e-06,0.0001176843510641,5.955871149060214,0.0041045715972728,5.947826188729559,5.963916109390869,0.9912018086399896,0.0002582522110284,0.9906956343063738,0.9917079829736052,0.0969211015126043,0.0013160047497776,0.0943417322030402,0.0995004708221684,0.0054174949144991,0.0002582522110284,0.0049113205808834,0.0059236692481149,0.002908409809615,0.0002144552707672,0.0024880774789112,0.0033287421403188,-6.812461687348495e-05,0.0001883536381069,-0.000437297747563,0.000301048513816,0.0025772097217576,2.1793283654682456e-19,0.0025772097217576,0.0025772097217576,5.998133814417887,1.0711834781949519e-15,5.998133814417885,5.998133814417889,0.0231650601620796,0.0013160047497776,0.0205856908525155,0.0257444294716437,6.341991619104939,0.008808321693201305,True,True
rich6d_rough,1080,theory_1,100,1.5085797509439702e-06,0.0001176843510641,6.950344739953972,0.0039159284313893,6.942669520228449,6.958019959679495,0.9899690673726534,0.0001805407619825,0.9896152074791678,0.9903229272661392,0.1030166816903679,0.0009181640638964,0.1012170801251308,0.1048162832556049,0.0041847536471632,0.0001805407619825,0.0038308937536774,0.0045386135406489,0.0021957008757152,0.0001406670494867,0.0019199934587212,0.0024714082927093,-1.960630040346757e-05,0.0001372413533589,-0.0002885993529869,0.00024938675218,0.0020086590718514,3.0510597116555444e-19,0.0020086590718514,0.0020086590718514,6.984973364869986,1.3389793477436902e-15,6.984973364869983,6.9849733648699885,0.017069479984316,0.0009181640638964,0.015269878419079,0.018869081549553,7.420385857052421,0.006870727645418908,True,True
rich6d_rough,1440,theory_1,100,1.26941911041565e-06,0.0001176843510641,7.76404060387622,0.0037717070327313,7.756648058092067,7.771433149660373,0.9894544808054988,0.0001386534140117,0.989182720114036,0.989726241496962,0.1052643639101069,0.0006922207657313,0.1039076112092733,0.1066211166109404,0.0036701670800088,0.0001386534140117,0.0033984063885458,0.0039419277714718,0.0018804729388817,0.0001112524007553,0.0016624182334012,0.0020985276443622,0.0001242926330589,0.0001110994645553,-9.34623174695971e-05,0.0003420475835875,0.0016654015080682,2.1793283654682456e-20,0.0016654015080682,0.0016654015080682,7.797203624904263,7.141223187966347e-16,7.797203624904261,7.797203624904265,0.014821797764577,0.0006922207657313,0.0134650450637434,0.0161785504654105,8.31186102800535,0.005772125713892604,True,True
