replication,train_seed,test_seed,seed_entropy,runtime_seconds
0,12759544878411089985,16308018382440251853,"[202610071, 5, 0]",13.62820333300624
1,4381180817741428870,10781928047369549874,"[202610071, 5, 1]",15.24366883400944
2,10562863182533018607,2884161960640233408,"[202610071, 5, 2]",16.76504433300579
3,4062504826617221115,12554050703999445688,"[202610071, 5, 3]",17.805313041986665
4,11885267192204263169,10260691258211465457,"[202610071, 5, 4]",17.799140916002216
5,2954472904581511356,2072354159410638099,"[202610071, 5, 5]",17.498039583006175
6,4138612834302068554,10359783534365953947,"[202610071, 5, 6]",17.23452566601918
7,11770064684668973356,11625536222679123282,"[202610071, 5, 7]",16.226000082999235
8,6125412343021814309,13416427313966665640,"[202610071, 5, 8]",16.15531204198487
9,15350783428068692772,6107856617659467621,"[202610071, 5, 9]",16.455993750016205
10,18366925143556722503,11482441162326408154,"[202610071, 5, 10]",16.153896040981635
11,13019463656979337166,14988592157635773914,"[202610071, 5, 11]",16.193840874999296
12,13285107370474045210,7207909425958046872,"[202610071, 5, 12]",15.875480958988192
13,14841797349925289205,1619956294643383149,"[202610071, 5, 13]",15.840278999996372
14,8667412442697489100,3231995599596958151,"[202610071, 5, 14]",15.838596166984644
15,106676158540353840,13942161254992483033,"[202610071, 5, 15]",16.217455250007333
16,10073354509766546551,16569643331936252234,"[202610071, 5, 16]",15.922797333012568
17,13381840709431312769,7974169956053168792,"[202610071, 5, 17]",16.4204572919989
18,3503303846754747436,9837547129412449484,"[202610071, 5, 18]",15.628002624987857
19,12226866577357441431,13272980134677910817,"[202610071, 5, 19]",15.576150916982442
20,15569746146786751507,2653235400914222976,"[202610071, 5, 20]",15.965152791002765
21,1049632336923698213,15165177355643523184,"[202610071, 5, 21]",15.707376375008607
22,16316250347154300047,8877447543160856971,"[202610071, 5, 22]",15.983052791008959
23,5227897021066731651,3956158915159792571,"[202610071, 5, 23]",15.74770133299171
24,9230601670189842625,17775857665479267008,"[202610071, 5, 24]",15.463117334002163
25,7372599163961660561,13102476888872014314,"[202610071, 5, 25]",15.462372749985661
26,5126419211684936903,3441988486050866053,"[202610071, 5, 26]",15.254232042003423
27,3147076194695375491,11308815167659295243,"[202610071, 5, 27]",15.26452587498352
28,13878694853701308500,17545793118303672816,"[202610071, 5, 28]",15.555735083005857
29,6764939795994069162,15398188411374987318,"[202610071, 5, 29]",15.833091667009285
30,6178515639697911768,3480964399887047809,"[202610071, 5, 30]",16.170972666994203
31,2208143328077635423,1826331737653298294,"[202610071, 5, 31]",15.933799666992854
32,13569684881573801555,6089766429653340386,"[202610071, 5, 32]",15.78418687498197
33,11583645553811508845,18202957963169822766,"[202610071, 5, 33]",15.238605582999298
34,15253556252624992830,8244945279613575725,"[202610071, 5, 34]",15.669164082995849
35,18304706243095524895,13896711235567873283,"[202610071, 5, 35]",15.271944625012111
36,13187447991720541263,14180738119855261190,"[202610071, 5, 36]",15.769557624997105
37,130802103984767204,1468376132512210937,"[202610071, 5, 37]",15.573785792017588
38,8274641903839877071,8999048965469636375,"[202610071, 5, 38]",15.41824749999796
39,16819288654913094660,5195749645929579609,"[202610071, 5, 39]",15.617658917006338
40,9263102877354373368,15840965666999436011,"[202610071, 5, 40]",15.108285541995429
41,2050302652000140741,9882595446802634460,"[202610071, 5, 41]",16.148726207989966
42,10082221454218104267,13834350780112108077,"[202610071, 5, 42]",16.11328529199818
43,5809610355962039211,13975540348489302452,"[202610071, 5, 43]",15.693977082992205
44,16501132065327598174,11003934858729790260,"[202610071, 5, 44]",16.03237075000652
45,3069729549580408575,3752200087667235358,"[202610071, 5, 45]",15.236169832991436
46,18169730778822844341,14353533444701324607,"[202610071, 5, 46]",15.658284541976172
47,2182519013953469613,11579697064068457472,"[202610071, 5, 47]",15.613479334017029
48,14943102401313829921,15896372182561568781,"[202610071, 5, 48]",15.775300875015091
49,12776085953341467610,15008920699437600153,"[202610071, 5, 49]",16.350951583997812
50,381744120385547638,9066488649295683482,"[202610071, 5, 50]",15.652414709009463
51,6157295413792286973,9088352345478750576,"[202610071, 5, 51]",15.644820500019705
52,8384114433282297243,17402040770872701837,"[202610071, 5, 52]",16.146953958028462
53,801432761909800607,13558691712651359581,"[202610071, 5, 53]",15.98380729102064
54,13032617495338795219,12920160980703651451,"[202610071, 5, 54]",16.17243987499387
55,1882576305814418451,15931516156087845635,"[202610071, 5, 55]",16.29216612500022
56,636030088590837342,11588869232327795799,"[202610071, 5, 56]",16.108181666000746
57,17336309729210760969,6459010359205725760,"[202610071, 5, 57]",16.141163624997716
58,7654902853342094820,14233768568934729350,"[202610071, 5, 58]",15.589290125004482
59,10532095942116649166,17544395053015872763,"[202610071, 5, 59]",16.107264000020223
60,5894760908460609269,5244640503084618296,"[202610071, 5, 60]",18.014086749986745
61,9186337259355455594,16182312818757244396,"[202610071, 5, 61]",18.38371941598598
62,15257119580958067542,4185220672302560234,"[202610071, 5, 62]",18.760494874994038
63,8160241911184262751,13048495846293400128,"[202610071, 5, 63]",19.162982582987752
64,9873364482719140712,12911132962464080374,"[202610071, 5, 64]",16.8387522919802
65,16869029680207189189,16217356574919528715,"[202610071, 5, 65]",15.936607041978277
66,13705407012825685249,15891506307209063599,"[202610071, 5, 66]",15.81304754197481
67,9260016865129324168,12347029919377666673,"[202610071, 5, 67]",15.304636874992866
68,17155970487785671185,816252943110282631,"[202610071, 5, 68]",15.494039584009442
69,17448641479708797874,15593960869920744246,"[202610071, 5, 69]",15.545364874997176
70,6019145854739431854,8252046417560866229,"[202610071, 5, 70]",15.788200582988793
71,1651894933566469258,17354357406523136908,"[202610071, 5, 71]",16.662599167000735
72,11009435228057549706,8683222221886998075,"[202610071, 5, 72]",16.95740379198105
73,9223193414960170399,8579337576203039915,"[202610071, 5, 73]",17.58695283299312
74,10252999641697603810,15082750053274366432,"[202610071, 5, 74]",17.32136441700277
75,16882262614536834977,3092681637518415755,"[202610071, 5, 75]",16.29999562498415
76,55503451988322324,8690531262198939668,"[202610071, 5, 76]",16.135453667026013
77,18062140110925731052,7899393015949566885,"[202610071, 5, 77]",16.18205258299713
78,3153983827655107654,2344296218990035155,"[202610071, 5, 78]",16.101812625012826
79,4913645624282384081,10037096159976625577,"[202610071, 5, 79]",16.295264375017723
80,11674971627309450545,15917419782562409044,"[202610071, 5, 80]",15.565346874995157
81,1947311410387311462,5019840753238313559,"[202610071, 5, 81]",15.632606333005242
82,14625783786265040272,8309739598867937549,"[202610071, 5, 82]",15.579203458008124
83,3225074579409105129,315745182394036457,"[202610071, 5, 83]",17.520685583003797
84,1727186827654887357,9357624923971816834,"[202610071, 5, 84]",17.886075000016717
85,5079327777372247538,10043763200743561289,"[202610071, 5, 85]",17.231173832988134
86,17178604299629330924,1799795455463902388,"[202610071, 5, 86]",17.82112108299043
87,12434048261709831978,17962810805799382395,"[202610071, 5, 87]",16.54581650000182
88,5826763072367999669,9278921027200258325,"[202610071, 5, 88]",16.276784624991706
89,11503191618891607274,13858042891308151140,"[202610071, 5, 89]",16.41989870800171
90,18335555607101410259,7186010646236907809,"[202610071, 5, 90]",15.951198249997105
91,5922679154219344336,6606143182517900252,"[202610071, 5, 91]",15.675577917019837
92,18021756704838127901,6681335493128050728,"[202610071, 5, 92]",15.450971042009769
93,6238207099750864106,16812562296186303435,"[202610071, 5, 93]",15.953409334004391
94,9233531686951091025,5989126458179111367,"[202610071, 5, 94]",15.923736124997959
95,14096327324192919128,11202718327735445517,"[202610071, 5, 95]",15.529605624993565
96,8605355104060553019,6765778518597319216,"[202610071, 5, 96]",15.183863749989541
97,1558010417713257119,5669667313872810566,"[202610071, 5, 97]",14.529538207978476
98,5393377485030841600,9346190750602007865,"[202610071, 5, 98]",13.96584358299151
99,6572300789722618812,7845864299352736223,"[202610071, 5, 99]",13.94469050000771
100,541921836431324643,9854952991360310986,"[202610071, 5, 100]",13.8731787079887
101,2755778348792342424,3038195577224200669,"[202610071, 5, 101]",15.026708290999522
102,12490021292668542805,11402900325550197701,"[202610071, 5, 102]",15.429236166004557
103,554230959992059047,3523322072139986094,"[202610071, 5, 103]",15.684299999993527
104,11947315724094799485,7702062312392965540,"[202610071, 5, 104]",16.008558542001992
105,11508044620361726813,9471877538993833119,"[202610071, 5, 105]",15.57291966601042
106,8868706223026865181,10322834046421079815,"[202610071, 5, 106]",15.458220833010273
107,12912964379615761238,6133022409262288946,"[202610071, 5, 107]",15.410908999998355
108,224522162736373867,16891233935380792965,"[202610071, 5, 108]",15.14343679099693
109,1012003735569275568,8615187983980035760,"[202610071, 5, 109]",15.583814999990864
110,10461624114897605048,15047955715180340876,"[202610071, 5, 110]",15.94811570798629
111,7258352607529396697,6579098278182740961,"[202610071, 5, 111]",15.88583333301358
112,3953776872115705717,9353414495332970064,"[202610071, 5, 112]",15.919504958990728
113,15989068187960617856,1958557158511098599,"[202610071, 5, 113]",15.804816541989567
114,9933309783628213946,15553253015578698373,"[202610071, 5, 114]",15.991232333995868
115,5513531542576868812,8976564726531254405,"[202610071, 5, 115]",16.58460087500862
116,14123395359979558066,2167874396280314939,"[202610071, 5, 116]",16.432546541997
117,2247813623406626786,5429174740751579423,"[202610071, 5, 117]",16.063159709010506
118,5135061589413687677,6272605167409842829,"[202610071, 5, 118]",16.785184458014555
119,8007919751672946247,5495114033439542375,"[202610071, 5, 119]",16.047867082990706
120,16558119443190463351,12339006930138975889,"[202610071, 5, 120]",15.942229542008135
121,3739680077138910962,9595648701742603621,"[202610071, 5, 121]",15.533467290981207
122,6815499159999515566,6719924285914832456,"[202610071, 5, 122]",14.440830750012537
123,14203702697411640211,2813759805339902109,"[202610071, 5, 123]",15.294370082992828
124,8433078298957304178,8547472778839554689,"[202610071, 5, 124]",15.92548041700502
125,15622393999795380516,9397585089258608894,"[202610071, 5, 125]",16.31668683400494
126,388559722932178266,17697968525709469609,"[202610071, 5, 126]",17.534419707983034
127,12109263773897469738,16071508674873070084,"[202610071, 5, 127]",16.975108500017086
128,5946079276966043486,10691768482003543033,"[202610071, 5, 128]",17.332801834010752
129,3336080539031918724,9150820216799038263,"[202610071, 5, 129]",17.94493887500721
130,8245860648887330706,9628996308381795784,"[202610071, 5, 130]",16.61766095898929
131,6556430543871319103,2569606988807838693,"[202610071, 5, 131]",16.916211333009414
132,16334953470274360622,5465078723345867003,"[202610071, 5, 132]",16.023769249994075
133,114863204400977466,4436515613570106355,"[202610071, 5, 133]",15.787730082985945
134,17177398848758021520,12609448365504479427,"[202610071, 5, 134]",16.04788266698597
135,15829620666568853777,8481760041836389276,"[202610071, 5, 135]",16.52771166601451
136,12406090206640087877,9359902151296910333,"[202610071, 5, 136]",16.616255083004944
137,17360425561853204276,3421824487512306083,"[202610071, 5, 137]",16.325060041999677
138,10005465911484053537,6132022807960876016,"[202610071, 5, 138]",16.350372916000197
139,8050335907912963175,6009656391822392331,"[202610071, 5, 139]",15.76119354198454
140,7770458485123670929,14659763654448075526,"[202610071, 5, 140]",15.5861786249734
141,13013136056944637335,10505415229522492871,"[202610071, 5, 141]",15.512919250002597
142,6456135547113189240,12519304123799694300,"[202610071, 5, 142]",15.428153625020059
143,9097083047118705173,4718889948558334464,"[202610071, 5, 143]",15.853045083000325
144,14825607298341402968,16623344578217917778,"[202610071, 5, 144]",16.402899207983864
145,12709902437786644606,15820824577694874284,"[202610071, 5, 145]",16.578962583007524
146,15317879815275034484,9022255089281950409,"[202610071, 5, 146]",16.70034404200851
147,7995174606641609921,2391531253455021505,"[202610071, 5, 147]",16.511895708972588
148,17201708607872032287,15148225194658394105,"[202610071, 5, 148]",16.74064316699514
149,13396144131530225159,1490925373100898109,"[202610071, 5, 149]",16.215370166988578
150,4877036914642133893,17099039698223195511,"[202610071, 5, 150]",15.746507584000938
151,12162541891818504601,6474432825865145274,"[202610071, 5, 151]",15.495972083008382
152,18435944277403961177,17916577562422257584,"[202610071, 5, 152]",15.470383292005863
153,7451029329718412703,15658803762869572374,"[202610071, 5, 153]",16.149534166994272
154,18049822987256757681,706347954141504601,"[202610071, 5, 154]",17.600022625003476
155,13969115606582630114,5095571458398189776,"[202610071, 5, 155]",17.819156167010078
156,8503721868822386885,9524459769818809754,"[202610071, 5, 156]",17.786744957993506
157,6070733558198689605,8589273629374767060,"[202610071, 5, 157]",17.862457290990278
158,2435393705758500707,14939000936299373803,"[202610071, 5, 158]",16.87524608298554
159,11228080818700194524,12032178989470915694,"[202610071, 5, 159]",16.515415917005157
160,9598432068167455180,3388209349850879997,"[202610071, 5, 160]",16.083497375017032
161,6026062139515097902,6046671453264931844,"[202610071, 5, 161]",16.374371999991126
162,13483445730333599416,14771091532899873621,"[202610071, 5, 162]",15.634828790993197
163,5991613654378150857,9686350724563515378,"[202610071, 5, 163]",15.34743670799071
164,17649543685050975953,4245593952700157161,"[202610071, 5, 164]",15.184434042021167
165,18260516484168201172,8981452291626979218,"[202610071, 5, 165]",15.602641208010027
166,13654141156991736124,5753330403213940771,"[202610071, 5, 166]",15.93534241701127
167,12404341484134599991,13080198599300857054,"[202610071, 5, 167]",15.850355375005165
168,16463111775468628912,6995736269634854156,"[202610071, 5, 168]",16.04872920800699
169,8077765151640149117,14359411610864851108,"[202610071, 5, 169]",15.707892583013745
170,13998304902600597175,15661008255235272488,"[202610071, 5, 170]",15.108308291994035
171,10124108473303208118,14835090604860803275,"[202610071, 5, 171]",15.105912208004156
172,777593360074947857,520083110252552651,"[202610071, 5, 172]",15.255790333991172
173,8059002555105126563,362293376606806088,"[202610071, 5, 173]",15.409936792013468
174,3947353819405785028,6817102293325754387,"[202610071, 5, 174]",15.599225792015204
175,18351210552076952622,2385070670905899593,"[202610071, 5, 175]",15.714575833990239
176,12873719556349196360,8669768833904640989,"[202610071, 5, 176]",15.383718958008103
177,9311032945358564973,14092640163251956905,"[202610071, 5, 177]",15.701119790988741
178,12305082852444629802,10932110977766699755,"[202610071, 5, 178]",15.748423125012778
179,774522364936415960,15349102751517765344,"[202610071, 5, 179]",16.175180332997115
180,2486893278501163693,16627727826638651390,"[202610071, 5, 180]",16.093676750024315
181,12028510116217967505,2902463264470744900,"[202610071, 5, 181]",15.966286500013666
182,15439287526129818477,4371674793707283207,"[202610071, 5, 182]",15.74713524998515
183,15868243773947711520,8418913441912222250,"[202610071, 5, 183]",16.747179332975065
184,17984204971888013879,5908763424826034863,"[202610071, 5, 184]",16.71255716701853
185,6497473303951711606,878652760777432225,"[202610071, 5, 185]",16.72607154099387
186,3678535118677943919,4630819981668373659,"[202610071, 5, 186]",16.897774125012802
187,17978396348966476377,3266941151674507891,"[202610071, 5, 187]",16.716853666002862
188,2955720233318282029,13093135040292366157,"[202610071, 5, 188]",17.47878025000682
189,3281741435142830221,16288158717347256671,"[202610071, 5, 189]",17.840034958004253
190,4114156825968792953,18280967690620484963,"[202610071, 5, 190]",18.545799792016624
191,7148771889923049979,3244118867897973239,"[202610071, 5, 191]",17.6413401250029
192,8127982597326021628,9953387173979962608,"[202610071, 5, 192]",16.776385667006252
193,16319408753821402118,1257656158303660382,"[202610071, 5, 193]",16.13384391699219
194,17425563509399950745,13734771394773311757,"[202610071, 5, 194]",15.04082245900645
195,2312420325089935873,7741786866811197603,"[202610071, 5, 195]",14.768474499986041
196,1080504589476964230,15174719403769699816,"[202610071, 5, 196]",14.837416750000557
197,16170151676895855953,6848238131746206371,"[202610071, 5, 197]",14.851097042002948
198,14709728537473171607,2028942356685122871,"[202610071, 5, 198]",14.339030540984822
199,14991794143931212072,13041561084644997584,"[202610071, 5, 199]",13.96207300000242
