environment,T,replication,lambda,complexity,regret,sharpe,pathwise_oracle_lambda,ensemble_oracle_complexity
baseline,60,0,1.5615230060004964e-08,31.101133892104045,0.46496053159507067,-0.02021548252524124,0.01,0.009035156560278734
baseline,60,1,0.0005124805876960926,0.194625101737236,0.01350412773239218,0.026700311573806843,0.0005124805876960926,0.011542620565470311
baseline,60,2,0.0005124805876960926,0.1938764672756138,0.01297848181121497,0.037850861346849334,0.00024383540982688266,0.011362338050754806
baseline,60,3,1.3459603241553642e-06,4.893115357143036,0.08690629532705652,-0.027461705161413788,0.01,0.012844909144939125
baseline,120,0,0.00024383540982688266,0.3486362928916537,0.0172460990507044,-0.028243889212181118,0.01,0.011124583439041692
baseline,120,1,0.01,0.011291850155093153,0.014177878931728283,0.037571176040295404,5.945570708544394e-06,0.011291850155093153
baseline,120,2,0.01,0.009897317448035505,0.01420306796282067,0.06613497989753743,5.945570708544394e-06,0.009897317448035505
baseline,120,3,0.01,0.012346847320733517,0.014282244872257044,-0.028206869473511528,0.01,0.012346847320733517
baseline,240,0,5.519954321281573e-05,0.8645380318801184,0.01684846278448182,-0.022137825715665613,0.01,5.072508034937622
baseline,240,1,0.01,0.010952772896834346,0.01419826581632877,0.041474847271510774,1.3459603241553642e-06,5.103521574686895
baseline,240,2,0.004757944314009414,0.02323140996902558,0.014224927290571898,-0.00487685006442086,1.3459603241553642e-06,5.077762680232028
baseline,240,3,0.0005124805876960926,0.19871451680689972,0.014771269395226216,-0.03268001085618085,0.01,5.112999138747363
