decision_year,top10_share_T60,delta_C_360_60,within_year_logT_slope
1993,0.998473986052285,133.63661036563798,73.73136520466767
1994,0.9983853792530446,179.04660895335942,73.54118236282027
1995,0.9983149621064887,66.36662348747483,31.485122343045404
1996,0.9979018297507557,106.10923648463842,59.66990964729912
1997,0.9975801491629285,218.49228761113642,139.49590238866037
1998,0.997951194023209,91.12199860453072,84.82419833341226
1999,0.9986287590624904,3.7320147921017863,15.343700053719386
2000,0.9984252431498574,94.03771327248973,55.05298735643758
2001,0.9981481838370388,278.4682281351815,142.7515516417713
2002,0.9978971883074805,93.19942545655667,36.747177634807734
2003,0.997742600556866,22.729818371715886,10.496417482420853
2004,0.997554449336458,-9.18239813094334,6.523599693274955
2005,0.9977474325356049,56.59446564525521,26.95220130300442
2006,0.9979961269298194,48.1541134200355,31.85442268542276
2007,0.9981444143942247,312.7631518322061,159.45069951013147
2008,0.9981443283417487,215.0800829055748,122.95813477589111
2009,0.9984894663225128,31.40780269737617,19.39849931699027
2010,0.9986864256886706,-24.318565112142203,-13.350017475476875
2011,0.9987050844072783,-17.07335375480767,-12.274088659966104
2012,0.9987527545966307,329.44146782407637,175.71781976190607
2013,0.9987815836292591,283.0975872868975,162.15200264797886
2014,0.9987956171436013,233.19982191504886,121.08257231936331
2015,0.9985716245211229,95.3904405372647,54.387357008424445
2016,0.9982468063388543,289.96010784329934,170.10735423154426
2017,0.9975420224182663,336.69270096592953,183.66609974655032
2018,0.9971137781442502,38.1503019007473,50.47407406864186
2019,0.9975623789561213,290.13674241063916,163.85346291835506
2020,0.997562768274579,281.8677139327792,154.46020529407483
2021,0.9983362238504752,0.1701086213117733,0.09783405612758017
2022,0.9981381487209504,-37.43817572333081,-21.099318417104115
2023,0.998161826986425,153.5783081943645,97.98898654830701
2024,0.9978965453808482,147.98113908366804,75.52048319218676
