environment,rank,groups,basis_seed,quadrature_seed,T,lambda_diagnostic,a_diagnostic,projection_floor,population_bias,floor_over_population_bias,complexity,lambda_elasticity,local_T_elasticity,complexity_fraction_rank
baseline,512,32768,140729086,2212783648,60,8.545387815951455e-06,9.968332766935744e-05,0.0036645611630862773,0.22297696428613173,0.016434707391494423,2.5663471952013537,0.5204258631060139,0.31225551786360833,0.005012396865627644
baseline,512,32768,140729086,2212783648,90,6.700034233118962e-06,9.968332766935744e-05,0.0036645611630862773,0.19832459682066092,0.01847759290492864,2.917203584616827,0.5334413602637375,0.32006481615824245,0.0056976632512047405
baseline,512,32768,140729086,2212783648,120,5.637853411885125e-06,9.968332766935744e-05,0.0036645611630862773,0.1804967194854597,0.020302646904236304,3.2014461961946363,0.5440391974408186,0.3264235184644912,0.006252824601942649
baseline,512,32768,140729086,2212783648,180,4.4203740865248355e-06,9.968332766935744e-05,0.0036645611630862773,0.15535735507880363,0.023587947678611425,3.661669196438543,0.5604083756265702,0.3362450253759421,0.007151697649294029
baseline,512,32768,140729086,2212783648,240,3.719596088380188e-06,9.968332766935744e-05,0.0036645611630862773,0.1378522034732634,0.026583261426046216,4.037813707643154,0.5726611701957957,0.3435967021174774,0.007886354897740535
baseline,512,32768,140729086,2212783648,360,2.9163592878725138e-06,9.968332766935744e-05,0.0036645611630862773,0.11422418110579075,0.032082183716355815,4.651315440994923,0.5901565923705706,0.35409395542234234,0.009084600470693208
baseline,512,32768,140729086,2212783648,540,2.286579320407906e-06,9.968332766935744e-05,0.0036645611630862773,0.09247164799556726,0.03962902405785979,5.38062107030366,0.6070982468396506,0.3642589481037904,0.010509025527936837
baseline,512,32768,140729086,2212783648,720,1.924079575501893e-06,9.968332766935744e-05,0.0036645611630862773,0.07851432146903511,0.04667379268547237,5.980921515454971,0.6183129387874651,0.370987763272479,0.01168148733487299
baseline,512,32768,140729086,2212783648,1080,1.5085797509439702e-06,9.968332766935744e-05,0.0036645611630862773,0.061251256680275146,0.059828342497769235,6.9640315249436675,0.632418708623018,0.37945122517381075,0.0136016240721556
baseline,512,32768,140729086,2212783648,1440,1.26941911041565e-06,9.968332766935744e-05,0.0036645611630862773,0.05081050899501674,0.07212211086973525,7.773144058833133,0.6409425359897039,0.3845655215938223,0.015181921989908463
baseline,512,32768,140729086,2212783648,2160,9.952914577011858e-07,9.968332766935744e-05,0.0036645611630862773,0.03862405624006496,0.09487768815138081,9.095978492273463,0.6505700782115621,0.39034204692693725,0.01776558299272161
baseline,512,32768,140729086,2212783648,3240,7.803609364669119e-07,9.968332766935744e-05,0.0036645611630862773,0.02918776273800261,0.12555128654362402,10.665080765000269,0.6572450222441917,0.394347013346515,0.02083023586914115
baseline,512,32768,140729086,2212783648,4860,6.118440849176298e-07,9.968332766935744e-05,0.0036645611630862773,0.02213205909508642,0.16557705486607224,12.520661512979892,0.6609636989944853,0.39657821939669113,0.02445441701753885
baseline,512,32768,140729086,2212783648,7290,4.797179955516196e-07,9.968332766935744e-05,0.0036645611630862773,0.017017921532262947,0.21533541309018978,14.707284249494412,0.6618572050412354,0.3971143230247412,0.028725164549793774
N300,512,32768,140729086,2212783648,60,8.545387815951455e-06,9.968332766935744e-05,0.006988718928977011,0.21849207811462923,0.03198614333884666,3.4215575269896066,0.6187268590614153,0.3712361154368492,0.006682729544901575
N300,512,32768,140729086,2212783648,90,6.700034233118962e-06,9.968332766935744e-05,0.006988718928977011,0.19459739316752037,0.03591373355634178,3.9837274315331,0.6318762399149601,0.3791257439489761,0.007780717639713086
N300,512,32768,140729086,2212783648,120,5.637853411885125e-06,9.968332766935744e-05,0.006988718928977011,0.1773535571036347,0.03940557518614203,4.446333985830268,0.6410233089552448,0.3846139853731469,0.008684246066074743
N300,512,32768,140729086,2212783648,180,4.4203740865248355e-06,9.968332766935744e-05,0.006988718928977011,0.15309786567033054,0.04564870253662448,5.204455756117033,0.653027388603815,0.39181643316228904,0.01016495264866608
N300,512,32768,140729086,2212783648,240,3.719596088380188e-06,9.968332766935744e-05,0.006988718928977011,0.13625637457970957,0.051290950243862765,5.829299264223469,0.6605467191601088,0.39632803149606527,0.011385350125436462
N300,512,32768,140729086,2212783648,360,2.9163592878725138e-06,9.968332766935744e-05,0.006988718928977011,0.11359841514584054,0.06152127140158351,6.853111288101269,0.669260912144122,0.40155654728647316,0.013384982984572791
N300,512,32768,140729086,2212783648,540,2.286579320407906e-06,9.968332766935744e-05,0.006988718928977011,0.09282681274135823,0.07528771830666599,8.071357901933546,0.6754016696914381,0.40524100181486283,0.015764370902213956
N300,512,32768,140729086,2212783648,720,1.924079575501893e-06,9.968332766935744e-05,0.006988718928977011,0.07954983260687706,0.08785334550625866,9.07165510261324,0.6780948981341871,0.4068569388805123,0.017718076372291485
N300,512,32768,140729086,2212783648,1080,1.5085797509439702e-06,9.968332766935744e-05,0.006988718928977011,0.06319027332378666,0.11059801708985889,10.701185929287035,0.6795728543933882,0.40774371263603293,0.02090075376813874
N300,512,32768,140729086,2212783648,1440,1.26941911041565e-06,9.968332766935744e-05,0.006988718928977011,0.053332159092698256,0.13104136505761382,12.032716892201723,0.679068873656901,0.40744132419414064,0.02350140018008149
N300,512,32768,140729086,2212783648,2160,9.952914577011858e-07,9.968332766935744e-05,0.006988718928977011,0.041861953800814644,0.16694679283796374,14.19017547835556,0.6763777520267372,0.40582665121604233,0.027715186481163202
N300,512,32768,140729086,2212783648,3240,7.803609364669119e-07,9.968332766935744e-05,0.006988718928977011,0.03300534891738516,0.2117450400682112,16.71922591841815,0.6716242327539926,0.40297453965239555,0.03265473812191045
N300,512,32768,140729086,2212783648,4860,6.118440849176298e-07,9.968332766935744e-05,0.006988718928977011,0.026391422864064318,0.26481023645349366,19.67181567024309,0.6650542461540442,0.3990325476924265,0.03842151498094354
N300,512,32768,140729086,2212783648,7290,4.797179955516196e-07,9.968332766935744e-05,0.006988718928977011,0.021591566395340545,0.3236781806847129,23.10422424687961,0.6568629855696981,0.39411779134181885,0.04512543798218674
N1200,512,32768,140729086,2212783648,60,8.545387815951455e-06,9.968332766935744e-05,0.001877209953811465,0.22527310141440718,0.008333040838098967,2.123298521864455,0.4318227829095193,0.2590936697457116,0.0041470674255165135
N1200,512,32768,140729086,2212783648,90,6.700034233118962e-06,9.968332766935744e-05,0.001877209953811465,0.20022275038951787,0.009375607667757527,2.3600287439937144,0.43773014680573985,0.2626380880834439,0.0046094311406127235
N1200,512,32768,140729086,2212783648,120,5.637853411885125e-06,9.968332766935744e-05,0.001877209953811465,0.1820877522491277,0.01030936968919862,2.5465660554145604,0.4439928915887145,0.2663957349532287,0.004973761826981563
N1200,512,32768,140729086,2212783648,180,4.4203740865248355e-06,9.968332766935744e-05,0.001877209953811465,0.1564831341802173,0.01199624460262621,2.840891469732278,0.45571241878726865,0.2734274512723612,0.0055486161518208555
N1200,512,32768,140729086,2212783648,240,3.719596088380188e-06,9.968332766935744e-05,0.001877209953811465,0.13862798163756068,0.013541349528693151,3.076039541157624,0.46599480243752456,0.2795968814625147,0.006007889728823484
N1200,512,32768,140729086,2212783648,360,2.9163592878725138e-06,9.968332766935744e-05,0.001877209953811465,0.1144870868269908,0.016396695957931435,3.452234850281561,0.4829947952986978,0.2897968771792187,0.006742646191956174
N1200,512,32768,140729086,2212783648,540,2.286579320407906e-06,9.968332766935744e-05,0.001877209953811465,0.09221380680327179,0.020357146276547177,3.8917071321780847,0.5024546458228409,0.30147278749370454,0.007600990492535322
N1200,512,32768,140729086,2212783648,720,1.924079575501893e-06,9.968332766935744e-05,0.001877209953811465,0.07789364389225215,0.024099655119590387,4.249722503597555,0.5173819519418108,0.31042917116508645,0.008300239264838975
N1200,512,32768,140729086,2212783648,1080,1.5085797509439702e-06,9.968332766935744e-05,0.001877209953811465,0.060145972070893616,0.031210900567020704,4.832580654194378,0.539362106430377,0.32361726385822615,0.009438634090223394
N1200,512,32768,140729086,2212783648,1440,1.26941911041565e-06,9.968332766935744e-05,0.001877209953811465,0.04939055024714942,0.03800747196412958,5.311340094481609,0.5551654173208223,0.33309925039249333,0.010373711122034392
N1200,512,32768,140729086,2212783648,2160,9.952914577011858e-07,9.968332766935744e-05,0.001877209953811465,0.03681395230556475,0.050991807079831204,6.095642398342469,0.5769491564704121,0.34616949388224727,0.011905551559262635
N1200,512,32768,140729086,2212783648,3240,7.803609364669119e-07,9.968332766935744e-05,0.001877209953811465,0.027057754155931757,0.06937789230374584,7.031793905393736,0.5972361828884674,0.3583417097330804,0.013733972471472141
N1200,512,32768,140729086,2212783648,4860,6.118440849176298e-07,9.968332766935744e-05,0.001877209953811465,0.019753637745264396,0.09503110151250468,8.149584892176023,0.615097634730215,0.369058580838129,0.015917157992531294
N1200,512,32768,140729086,2212783648,7290,4.797179955516196e-07,9.968332766935744e-05,0.001877209953811465,0.014457443324717267,0.1298438397197159,9.482679611689322,0.6298162055019172,0.3778897233011503,0.018520858616580708
baseline,1024,32768,140729086,2212783648,60,8.545387815951455e-06,9.968332766935744e-05,0.0029846411759975044,0.22071055122248673,0.01352287491225938,2.6523149678102045,0.5344577282321943,0.3206746369393166,0.002590151335752153
baseline,1024,32768,140729086,2212783648,90,6.700034233118962e-06,9.968332766935744e-05,0.0029846411759975044,0.19589742413722638,0.015235734666458707,3.0256202638934906,0.5485128082177403,0.3291076849306442,0.002954707288958487
baseline,1024,32768,140729086,2212783648,120,5.637853411885125e-06,9.968332766935744e-05,0.0029846411759975044,0.1779925451046086,0.016768349338695004,3.3292773425949793,0.5598050552745736,0.33588303316474416,0.0032512474048779095
baseline,1024,32768,140729086,2212783648,180,4.4203740865248355e-06,9.968332766935744e-05,0.0029846411759975044,0.15281207918842213,0.019531447984012754,3.8229375565219,0.5770790363606763,0.3462474218164057,0.003733337457540918
baseline,1024,32768,140729086,2212783648,240,3.719596088380188e-06,9.968332766935744e-05,0.0029846411759975044,0.1353323269550578,0.02205416283862958,4.2280134242795455,0.5899192915580223,0.35395157493481333,0.004128919359647994
baseline,1024,32768,140729086,2212783648,360,2.9163592878725138e-06,9.968332766935744e-05,0.0029846411759975044,0.11182011238392134,0.02669145212222723,4.891364387831338,0.6081738107236835,0.3649042864342101,0.004776723034991541
baseline,1024,32768,140729086,2212783648,540,2.286579320407906e-06,9.968332766935744e-05,0.0029846411759975044,0.09026904957053725,0.03306383738609403,5.6836537056373775,0.625815602414394,0.3754893614486364,0.0055504430719115014
baseline,1024,32768,140729086,2212783648,720,1.924079575501893e-06,9.968332766935744e-05,0.0029846411759975044,0.07649559594777447,0.03901716352448834,6.338469439442249,0.6375088769805889,0.3825053261883533,0.006189911561955321
baseline,1024,32768,140729086,2212783648,1080,1.5085797509439702e-06,9.968332766935744e-05,0.0029846411759975044,0.05952713924914607,0.05013916700255875,7.415505248228809,0.6522907980065256,0.39137447880391535,0.007241704343973446
baseline,1024,32768,140729086,2212783648,1440,1.26941911041565e-06,9.968332766935744e-05,0.0029846411759975044,0.0493050968941324,0.06053413062763283,8.305865950781316,0.6613120098547499,0.39678720591284994,0.008111197217559879
baseline,1024,32768,140729086,2212783648,2160,9.952914577011858e-07,9.968332766935744e-05,0.0029846411759975044,0.0374180437577776,0.07976475722029498,9.768518793414078,0.6716879657407387,0.40301277944444325,0.009539569134193435
baseline,1024,32768,140729086,2212783648,3240,7.803609364669119e-07,9.968332766935744e-05,0.0029846411759975044,0.02825083780368076,0.10564788190489133,11.51376712632667,0.6791872025064417,0.407512321503865,0.011243913209303388
baseline,1024,32768,140729086,2212783648,4860,6.118440849176298e-07,9.968332766935744e-05,0.0029846411759975044,0.021420813532436633,0.13933369857675987,13.590843155299028,0.683822054041792,0.41029323242507515,0.013272307768846707
baseline,1024,32768,140729086,2212783648,7290,4.797179955516196e-07,9.968332766935744e-05,0.0029846411759975044,0.016484937547508183,0.1810526225771874,16.055342390973586,0.6857339972605077,0.4114403983563046,0.015679045303685142
N300,1024,32768,140729086,2212783648,60,8.545387815951455e-06,9.968332766935744e-05,0.005701231589995137,0.21626079798716466,0.026362760347964278,3.5868068403182045,0.6348581480535762,0.3809148888321457,0.0035027410549982466
N300,1024,32768,140729086,2212783648,90,6.700034233118962e-06,9.968332766935744e-05,0.005701231589995137,0.19221319784123284,0.029660978819489422,4.192874043675145,0.6486332898546904,0.3891799739128142,0.004094603558276509
N300,1024,32768,140729086,2212783648,120,5.637853411885125e-06,9.968332766935744e-05,0.005701231589995137,0.1748979356136835,0.03259747789469671,4.6934889488602005,0.6581858322617222,0.39491149935703335,0.0045834853016212896
N300,1024,32768,140729086,2212783648,180,4.4203740865248355e-06,9.968332766935744e-05,0.005701231589995137,0.15060805025529211,0.0378547599569287,5.517104459843361,0.6707337792274342,0.4024402675364605,0.005387797324065783
N300,1024,32768,140729086,2212783648,240,3.719596088380188e-06,9.968332766935744e-05,0.005701231589995137,0.1337953980329718,0.04261156716758043,6.198606071499166,0.6786413899593824,0.40718483397562943,0.006053326241698405
N300,1024,32768,140729086,2212783648,360,2.9163592878725138e-06,9.968332766935744e-05,0.005701231589995137,0.11125472346074952,0.051244849770414665,7.319944056619293,0.687944400656614,0.4127666403939684,0.007148382867792278
N300,1024,32768,140729086,2212783648,540,2.286579320407906e-06,9.968332766935744e-05,0.005701231589995137,0.09068088903720256,0.06287136849370942,8.661148240929306,0.6947638994924678,0.41685833969548064,0.008458152579032525
N300,1024,32768,140729086,2212783648,720,1.924079575501893e-06,9.968332766935744e-05,0.005701231589995137,0.077581636728867,0.07348686919199517,9.767586096995158,0.698012431559624,0.41880745893577437,0.009538658297846834
N300,1024,32768,140729086,2212783648,1080,1.5085797509439702e-06,9.968332766935744e-05,0.005701231589995137,0.06150327166391509,0.0926980213532305,11.579328350273366,0.7003916967724912,0.4202350180634947,0.011307937842063834
N300,1024,32768,140729086,2212783648,1440,1.26941911041565e-06,9.968332766935744e-05,0.005701231589995137,0.051851505952472565,0.10995305700900807,13.06780271768297,0.7006135973512655,0.4203681584107593,0.012761526091487275
N300,1024,32768,140729086,2212783648,2160,9.952914577011858e-07,9.968332766935744e-05,0.005701231589995137,0.04066052281660196,0.14021540292805304,15.493944703968284,0.6990626290411194,0.41943757742467164,0.015130805374969027
N300,1024,32768,140729086,2212783648,3240,7.803609364669119e-07,9.968332766935744e-05,0.005701231589995137,0.032051148742104685,0.17787916545111504,18.35916962158168,0.6955761366617706,0.4173456819970624,0.01792887658357586
N300,1024,32768,140729086,2212783648,4860,6.118440849176298e-07,9.968332766935744e-05,0.005701231589995137,0.025640778830439914,0.22235017226648424,21.731216772365105,0.6903896471902967,0.414233788314178,0.021221891379262798
N300,1024,32768,140729086,2212783648,7290,4.797179955516196e-07,9.968332766935744e-05,0.005701231589995137,0.020997641863805594,0.27151770789188284,25.685364281129885,0.6836915385049764,0.41021492310298585,0.025083363555790904
N1200,1024,32768,140729086,2212783648,60,8.545387815951455e-06,9.968332766935744e-05,0.001527628419079774,0.2229885566716332,0.006850703201462116,2.1693390157477657,0.4421782900087293,0.26530697400523756,0.0021184951325661774
N1200,1024,32768,140729086,2212783648,90,6.700034233118962e-06,9.968332766935744e-05,0.001527628419079774,0.19777329740350982,0.0077241388960765925,2.4176296640810353,0.449268875617838,0.2695613253707028,0.002360966468829136
N1200,1024,32768,140729086,2212783648,120,5.637853411885125e-06,9.968332766935744e-05,0.001527628419079774,0.1795582998300873,0.008507701512686077,2.6141159321027247,0.45640003942751994,0.27384002365651194,0.002552847589944067
N1200,1024,32768,140729086,2212783648,180,4.4203740865248355e-06,9.968332766935744e-05,0.001527628419079774,0.1539087550523885,0.00992554594155342,2.92550649499632,0.46936461811119895,0.2816187708667194,0.0028569399365198436
N1200,1024,32768,140729086,2212783648,240,3.719596088380188e-06,9.968332766935744e-05,0.001527628419079774,0.13607696941987987,0.011226208414196196,3.1753745078585203,0.48053205059246934,0.28831923035548157,0.003100951667830586
N1200,1024,32768,140729086,2212783648,360,2.9163592878725138e-06,9.968332766935744e-05,0.001527628419079774,0.11205065503336267,0.013633373393711337,3.576881137840915,0.49876100051713096,0.29925660031027856,0.0034930479861727684
N1200,1024,32768,140729086,2212783648,540,2.286579320407906e-06,9.968332766935744e-05,0.001527628419079774,0.0899801875609483,0.0169773864723835,4.048304261344203,0.5194045772637007,0.3116427463582204,0.003953422130218948
N1200,1024,32768,140729086,2212783648,720,1.924079575501893e-06,9.968332766935744e-05,0.001527628419079774,0.07584661678435958,0.02014102255111777,4.433986525449297,0.5351304114164761,0.3210782468498857,0.0043300649662590795
N1200,1024,32768,140729086,2212783648,1080,1.5085797509439702e-06,9.968332766935744e-05,0.001527628419079774,0.058399782617667956,0.026158118243022596,5.064591348634403,0.5581599758121771,0.33489598548730626,0.004945889988900784
N1200,1024,32768,140729086,2212783648,1440,1.26941911041565e-06,9.968332766935744e-05,0.001527628419079774,0.04786890937539007,0.03191274752261526,5.584759385071334,0.5746454528078124,0.3447872716846874,0.005453866586983725
N1200,1024,32768,140729086,2212783648,2160,9.952914577011858e-07,9.968332766935744e-05,0.001527628419079774,0.03560128727573264,0.04290935907031291,6.440577794023184,0.5972979017891196,0.35837874107347173,0.006289626751975766
N1200,1024,32768,140729086,2212783648,3240,7.803609364669119e-07,9.968332766935744e-05,0.001527628419079774,0.026124469971919473,0.05847500143435572,7.467287374072094,0.6183547205913182,0.37101283235479093,0.007292272826242279
N1200,1024,32768,140729086,2212783648,4860,6.118440849176298e-07,9.968332766935744e-05,0.001527628419079774,0.01905625167451358,0.08016416056904158,8.699632160413204,0.6369156277291118,0.38214937663746706,0.00849573453165352
N1200,1024,32768,140729086,2212783648,7290,4.797179955516196e-07,9.968332766935744e-05,0.001527628419079774,0.01394797883450849,0.10952328198980994,10.177408270026946,0.6523065188466944,0.39138391130801664,0.00993887526369819
baseline,2048,32768,140729086,2212783648,60,8.545387815951455e-06,9.968332766935744e-05,0.0023753241113459445,0.21959583466162955,0.010816799485318242,2.713644692777041,0.5444121932280793,0.3266473159368476,0.0013250218226450396
baseline,2048,32768,140729086,2212783648,90,6.700034233118962e-06,9.968332766935744e-05,0.0023753241113459445,0.19469708293017435,0.012200101180754847,3.1033610019381292,0.5591825256030407,0.33550951536182444,0.0015153129892276022
baseline,2048,32768,140729086,2212783648,120,5.637853411885125e-06,9.968332766935744e-05,0.0023753241113459445,0.1767506034679222,0.013438845835550614,3.421256008176285,0.5709464740878009,0.3425678844526805,0.0016705351602423267
baseline,2048,32768,140729086,2212783648,180,4.4203740865248355e-06,9.968332766935744e-05,0.0023753241113459445,0.15154632140409752,0.015673914677296286,3.939513880941286,0.5888278081884012,0.3532966849130407,0.0019235907621783623
baseline,2048,32768,140729086,2212783648,240,3.719596088380188e-06,9.968332766935744e-05,0.0023753241113459445,0.13407770783670625,0.017716025651623318,4.365935757314324,0.6020582348215702,0.3612349408929421,0.0021318045690011346
baseline,2048,32768,140729086,2212783648,360,2.9163592878725138e-06,9.968332766935744e-05,0.0023753241113459445,0.11062198316423155,0.02147244194510138,5.06617770413904,0.6208130271890561,0.37248781631343364,0.0024737195820991407
baseline,2048,32768,140729086,2212783648,540,2.286579320407906e-06,9.968332766935744e-05,0.0023753241113459445,0.08917066468592041,0.02663795453036469,5.905245366715877,0.6389146687347498,0.38334880124084986,0.002883420589216737
baseline,2048,32768,140729086,2212783648,720,1.924079575501893e-06,9.968332766935744e-05,0.0023753241113459445,0.07548840020721151,0.031466080945228805,6.6006778267286705,0.6509236521350896,0.3905541912810538,0.0032229872200823587
baseline,2048,32768,140729086,2212783648,1080,1.5085797509439702e-06,9.968332766935744e-05,0.0023753241113459445,0.05866583547718568,0.04048905281967176,7.747934123099007,0.6661575522536967,0.399694531352218,0.003783170958544437
baseline,2048,32768,140729086,2212783648,1440,1.26941911041565e-06,9.968332766935744e-05,0.0023753241113459445,0.04855181619161597,0.04892348623934938,8.699257237974498,0.6755181550311694,0.40531089301870166,0.004247684198229735
baseline,2048,32768,140729086,2212783648,2160,9.952914577011858e-07,9.968332766935744e-05,0.0023753241113459445,0.03681218481634849,0.06452548587366241,10.26724835909236,0.6864185868007971,0.4118511520804783,0.005013304862838066
baseline,2048,32768,140729086,2212783648,3240,7.803609364669119e-07,9.968332766935744e-05,0.0023753241113459445,0.027776983549401335,0.08551411304692005,12.145908547507249,0.6945156605468457,0.4167093963281074,0.005930619407962524
baseline,2048,32768,140729086,2212783648,4860,6.118440849176298e-07,9.968332766935744e-05,0.0023753241113459445,0.021057279474757606,0.11280299120279816,14.391762464249723,0.6998385421265005,0.4199031252759003,0.007027227765746935
baseline,2048,32768,140729086,2212783648,7290,4.797179955516196e-07,9.968332766935744e-05,0.0023753241113459445,0.016208268621457522,0.14655014467130323,17.069476071973106,0.7025411414376809,0.4215246848626085,0.008334705113268118
N300,2048,32768,140729086,2212783648,60,8.545387815951455e-06,9.968332766935744e-05,0.004543828337994771,0.21516103975201753,0.021118267244068588,3.7065684281829587,0.646116658667766,0.3876699952006596,0.0018098478653237103
N300,2048,32768,140729086,2212783648,90,6.700034233118962e-06,9.968332766935744e-05,0.004543828337994771,0.1910312994908111,0.02378577934666322,4.344982406539003,0.6603124165631513,0.3961874499378908,0.0021215734406928727
N300,2048,32768,140729086,2212783648,120,5.637853411885125e-06,9.968332766935744e-05,0.004543828337994771,0.17367678855967816,0.02616255387767858,4.8736895516923315,0.670138610373046,0.4020831662238276,0.0023797312264122713
N300,2048,32768,140729086,2212783648,180,4.4203740865248355e-06,9.968332766935744e-05,0.004543828337994771,0.14936570252416134,0.030420827949172353,5.745870249024941,0.6830585572618868,0.4098351343571321,0.0028056007075317095
N300,2048,32768,140729086,2212783648,240,3.719596088380188e-06,9.968332766935744e-05,0.004543828337994771,0.13256514535793235,0.03427619172238836,6.469528265682941,0.6912370084489212,0.4147422050693527,0.0031589493484779985
N300,2048,32768,140729086,2212783648,360,2.9163592878725138e-06,9.968332766935744e-05,0.004543828337994771,0.11008041225791287,0.04127735575107413,7.6637048463457,0.70095947473943,0.420575684843658,0.0037420433820047365
N300,2048,32768,140729086,2212783648,540,2.286579320407906e-06,9.968332766935744e-05,0.004543828337994771,0.08960302040249829,0.05071066039497125,9.097181955166006,0.7082726252758795,0.4249635751655277,0.004441983376545901
N300,2048,32768,140729086,2212783648,720,1.924079575501893e-06,9.968332766935744e-05,0.004543828337994771,0.07659082704335074,0.05932601217927761,10.283627383394819,0.7119307695352999,0.42715846172117994,0.0050213024332982515
N300,2048,32768,140729086,2212783648,1080,1.5085797509439702e-06,9.968332766935744e-05,0.004543828337994771,0.060650224159556954,0.07491857451410223,12.233410370791345,0.7149835293051825,0.4289901175831095,0.005973344907612962
N300,2048,32768,140729086,2212783648,1440,1.26941911041565e-06,9.968332766935744e-05,0.004543828337994771,0.051099400679333135,0.0889213626302372,13.841425573888184,0.7157551024413606,0.4294530614648164,0.00675850858100009
N300,2048,32768,140729086,2212783648,2160,9.952914577011858e-07,9.968332766935744e-05,0.004543828337994771,0.04004469209236661,0.11346892935308457,16.47347780225975,0.7150808249075243,0.4290484949445146,0.008043690333134644
N300,2048,32768,140729086,2212783648,3240,7.803609364669119e-07,9.968332766935744e-05,0.004543828337994771,0.031555613334266375,0.14399429635109035,19.59838186441823,0.712588342711702,0.4275530056270212,0.009569522394735464
N300,2048,32768,140729086,2212783648,4860,6.118440849176298e-07,9.968332766935744e-05,0.004543828337994771,0.025243985668130853,0.1799964711488133,23.29733451063846,0.7085111268368611,0.42510667610211667,0.011375651616522686
N300,2048,32768,140729086,2212783648,7290,4.797179955516196e-07,9.968332766935744e-05,0.004543828337994771,0.02067664645770867,0.21975654259449506,27.662166489847223,0.7030370074097979,0.42182220444587876,0.013506917231370714
N1200,2048,32768,140729086,2212783648,60,8.545387815951455e-06,9.968332766935744e-05,0.0012148562391414708,0.2218661441424608,0.00547562695442802,2.2013383465108793,0.4496464327431339,0.2697878596458803,0.0010748722395072653
N1200,2048,32768,140729086,2212783648,90,6.700034233118962e-06,9.968332766935744e-05,0.0012148562391414708,0.19656342023922568,0.00618047975387761,2.458005825916175,0.4575883469147694,0.27455300814886163,0.0012001981571856323
N1200,2048,32768,140729086,2212783648,120,5.637853411885125e-06,9.968332766935744e-05,0.0012148562391414708,0.17830555747977,0.006813339170761991,2.6617344848780435,0.465336995563462,0.27920219733807716,0.0012996750414443572
N1200,2048,32768,140729086,2212783648,180,4.4203740865248355e-06,9.968332766935744e-05,0.0012148562391414708,0.15263073699223145,0.007959446852460026,2.985598558073559,0.4791760940619091,0.28750565643714543,0.001457811795934355
N1200,2048,32768,140729086,2212783648,240,3.719596088380188e-06,9.968332766935744e-05,0.0012148562391414708,0.13480948972917334,0.00901165223295531,3.246264198849467,0.4909571040284046,0.29457426241704276,0.0015850899408444664
N1200,2048,32768,140729086,2212783648,360,2.9163592878725138e-06,9.968332766935744e-05,0.0012148562391414708,0.11083975984636393,0.010960473397140113,3.6663975449390027,0.5100255876227249,0.30601535257363494,0.0017902331762397474
N1200,2048,32768,140729086,2212783648,540,2.286579320407906e-06,9.968332766935744e-05,0.0012148562391414708,0.08887051691257469,0.013669958061981017,4.16141204023576,0.5314619492823326,0.31887716956939954,0.002031939472771367
N1200,2048,32768,140729086,2212783648,720,1.924079575501893e-06,9.968332766935744e-05,0.0012148562391414708,0.07483009265403329,0.016234862153093846,4.567575014731807,0.547712556643191,0.32862753398591454,0.002230261237662015
N1200,2048,32768,140729086,2212783648,1080,1.5085797509439702e-06,9.968332766935744e-05,0.0012148562391414708,0.05753308218099215,0.021115785789464214,5.233611854368575,0.5714185798916216,0.34285114793497296,0.0025554745382659057
N1200,2048,32768,140729086,2212783648,1440,1.26941911041565e-06,9.968332766935744e-05,0.0012148562391414708,0.04711368183755185,0.02578563575927476,5.784581188028969,0.5883361482425318,0.35300168894551903,0.00282450253321727
N1200,2048,32768,140729086,2212783648,2160,9.952914577011858e-07,9.968332766935744e-05,0.0012148562391414708,0.034998904466109065,0.034711264757383134,6.693729491334821,0.6115330472025825,0.3669198283215495,0.0032684226031908306
N1200,2048,32768,140729086,2212783648,3240,7.803609364669119e-07,9.968332766935744e-05,0.0012148562391414708,0.02565972548397827,0.04734486500644824,7.788183924329955,0.6330739586166548,0.37984437516999286,0.0038028241818017358
N1200,2048,32768,140729086,2212783648,4860,6.118440849176298e-07,9.968332766935744e-05,0.0012148562391414708,0.01870727730237237,0.06494030208166146,9.10654038644687,0.6520876147292646,0.3912525688375587,0.004446552923069761
N1200,2048,32768,140729086,2212783648,7290,4.797179955516196e-07,9.968332766935744e-05,0.0012148562391414708,0.013690911584624321,0.08873450329675812,10.69342271490138,0.6679375262173117,0.400762515730387,0.00522139781001044
