environment,T,replications,crossfit_minus_plugin_regret_mean,crossfit_minus_plugin_regret_median,crossfit_minus_plugin_regret_sd,crossfit_minus_plugin_regret_mcse,crossfit_minus_plugin_regret_ci_low,crossfit_minus_plugin_regret_ci_high,crossfit_minus_plugin_regret_q05,crossfit_minus_plugin_regret_q25,crossfit_minus_plugin_regret_q75,crossfit_minus_plugin_regret_q95,interval_note
baseline_original,60,100,1.6867622805061266e-05,0.0,8.914735265914442e-05,8.914735265914442e-06,-6.052583161310402e-07,3.4340503926253576e-05,-9.74564367839159e-05,0.0,3.826871195444781e-05,0.00018633518644884926,pointwise paired MCSE conditional on calibrated folds; whole-path oracle recalibration in rates bootstrap
baseline_original,90,100,6.721506814041378e-06,0.0,8.718650832161051e-05,8.718650832161051e-06,-1.0367048816994283e-05,2.381006244507704e-05,-0.00014315852490495717,0.0,0.0,0.0001473559166599469,pointwise paired MCSE conditional on calibrated folds; whole-path oracle recalibration in rates bootstrap
baseline_original,120,100,3.7999380859713436e-05,0.0,0.00027961202079763786,2.7961202079763786e-05,-1.6804575216623584e-05,9.280333693605046e-05,-0.00016157675633775013,0.0,0.0,0.00027770596357173927,pointwise paired MCSE conditional on calibrated folds; whole-path oracle recalibration in rates bootstrap
baseline_original,180,100,0.0009714320389491249,0.00023802306551812258,0.004581585626494573,0.0004581585626494573,7.344125615618854e-05,0.0018694228217420613,-0.006837982972730333,-0.00030751466669395877,0.004099152722649241,0.007823175585794517,pointwise paired MCSE conditional on calibrated folds; whole-path oracle recalibration in rates bootstrap
baseline_original,240,100,4.645498323942565e-05,0.0,0.00030594230028407,3.0594230028407e-05,-1.3509707616252068e-05,0.00010641967409510337,-0.00027046716266658776,0.0,0.0,0.0005588369446491478,pointwise paired MCSE conditional on calibrated folds; whole-path oracle recalibration in rates bootstrap
baseline_original,360,100,0.0,0.0,0.0,0.0,0.0,0.0,0.0,0.0,0.0,0.0,pointwise paired MCSE conditional on calibrated folds; whole-path oracle recalibration in rates bootstrap
baseline_original,540,100,0.0,0.0,0.0,0.0,0.0,0.0,0.0,0.0,0.0,0.0,pointwise paired MCSE conditional on calibrated folds; whole-path oracle recalibration in rates bootstrap
baseline_original,720,100,0.0,0.0,0.0,0.0,0.0,0.0,0.0,0.0,0.0,0.0,pointwise paired MCSE conditional on calibrated folds; whole-path oracle recalibration in rates bootstrap
baseline_original,1080,100,0.0,0.0,0.0,0.0,0.0,0.0,0.0,0.0,0.0,0.0,pointwise paired MCSE conditional on calibrated folds; whole-path oracle recalibration in rates bootstrap
baseline_original,1440,100,0.0,0.0,0.0,0.0,0.0,0.0,0.0,0.0,0.0,0.0,pointwise paired MCSE conditional on calibrated folds; whole-path oracle recalibration in rates bootstrap
baseline_original,2160,50,1.223147763681931e-05,0.0,4.788033645439097e-05,6.771302118478662e-06,-1.040274515398867e-06,2.550322978903749e-05,-3.799152645667103e-05,0.0,0.0,8.470061480632114e-05,pointwise paired MCSE conditional on calibrated folds; whole-path oracle recalibration in rates bootstrap
baseline_original,3240,50,0.0,0.0,0.0,0.0,0.0,0.0,0.0,0.0,0.0,0.0,pointwise paired MCSE conditional on calibrated folds; whole-path oracle recalibration in rates bootstrap
baseline_original,4860,50,0.0,0.0,0.0,0.0,0.0,0.0,0.0,0.0,0.0,0.0,pointwise paired MCSE conditional on calibrated folds; whole-path oracle recalibration in rates bootstrap
baseline_original,7290,50,0.0,0.0,0.0,0.0,0.0,0.0,0.0,0.0,0.0,0.0,pointwise paired MCSE conditional on calibrated folds; whole-path oracle recalibration in rates bootstrap
