Quantity,Window,Theory,Slope,OLS SE,CI low,CI high
Oracle lambda,Full,-0.6,-2.376794127816132,0.4304261742492677,-2.658968510259869,-2.3113099307574507
Oracle lambda,Upper half,-0.6,-0.4902254482225309,0.0661569449286792,-0.5622878367833535,-0.485488357654789
Oracle lambda,Largest four,-0.6,-0.509342121266705,0.117074882890447,-0.5093421212667057,-0.4220968008151124
Oracle C (pop.),Full,0.4,1.441424593801642,0.2643711234136459,1.3818625730872285,1.6276538097329238
Oracle C (pop.),Upper half,0.4,0.2902675609891211,0.0401700871139343,0.2874581591223191,0.3339293328256114
Oracle C (pop.),Largest four,0.4,0.3046123801738026,0.0706166102924206,0.2528702480272229,0.3056621743203446
Oracle regret,Full,-0.6,-0.5176585136000507,0.0526319421300626,-0.5348718384267972,-0.4983458427773863
Oracle regret,Upper half,-0.6,-0.691505880673228,0.0082000761640935,-0.7423089787767271,-0.6465907757401318
Oracle regret,Largest four,-0.6,-0.6903148238643374,0.0146463600769481,-0.7512723003671453,-0.6337716315065659
Oracle SR gap,Full,-0.6,-0.7271695046374725,0.0340213826815736,-0.7606048447722097,-0.7052380980382948
Oracle SR gap,Upper half,-0.6,-0.7466169043823742,0.0106596996700606,-0.8084420240654672,-0.6896434723468103
Oracle SR gap,Largest four,-0.6,-0.7485293686043915,0.0190084667342288,-0.8198678826292971,-0.6824559317419685
Selected lambda,Full,-0.6,-0.4690646770575407,0.0649802294953118,-0.5383371615181168,-0.4083692935921436
Selected lambda,Upper half,-0.6,-0.8976167546867287,0.0567641858090121,-1.1067250509282325,-0.6996301864755848
Selected lambda,Largest four,-0.6,-0.94071162748396,0.0927372917781724,-1.2582691442450171,-0.6365980342963428
Selected C (pop.),Full,0.4,0.0606906671203503,0.044307784282282,0.0132417747840408,0.1132893746149835
Selected C (pop.),Upper half,0.4,0.1829298901881331,0.0513583019760312,0.0826290013038836,0.2754038177667631
Selected C (pop.),Largest four,0.4,0.2356150934416168,0.0765623475334924,0.096551600193191,0.3713903099699506
Oracle C (sample),Full,0.4,1.439854984965995,0.2628873116842311,1.3792852721544364,1.6245953284509238
Oracle C (sample),Upper half,0.4,0.2956157397045831,0.0396149878604997,0.2924958328113391,0.339308286543797
Oracle C (sample),Largest four,0.4,0.3093991770335069,0.069709096249615,0.2576349288919247,0.3107922860536812
Selected C (sample),Full,0.4,0.1753242290641804,0.0218827606337322,0.1356475036913922,0.2191083824753833
Selected C (sample),Upper half,0.4,0.2084422155613887,0.0508510224287384,0.1098077606625375,0.2988986744425974
Selected C (sample),Largest four,0.4,0.2544508512652779,0.0794595755804559,0.1178227390672669,0.3885817807567564
Selected regret,Full,-0.6,-0.7604060187731292,0.0216100664743828,-0.7980974872451009,-0.7205220471848817
Selected regret,Upper half,-0.6,-0.7325208270448464,0.0102843668684598,-0.8027044474408406,-0.667342078262542
Selected regret,Largest four,-0.6,-0.715385679038779,0.0079962148270572,-0.8080640121244036,-0.6171773944126353
Selected SR gap,Full,-0.6,-0.4323910105411473,0.037211474064393,-0.4555297385681132,-0.4097530031849281
Selected SR gap,Upper half,-0.6,-0.6729420608723523,0.0215988996208837,-0.7417100826733143,-0.6095823477730745
Selected SR gap,Largest four,-0.6,-0.7108750462073978,0.0121237145506192,-0.8090207717125846,-0.6208631905959714
