rank,eigenvalue
1,0.0016175636230383
2,1.2191969875320036e-05
3,7.444728825067775e-06
4,3.71677336460761e-06
5,2.4523131656689663e-06
6,1.436155700367125e-06
7,1.1778774165610522e-06
8,8.338859421160318e-07
9,7.287191308061082e-07
10,5.294397034073804e-07
11,5.036260099042432e-07
12,3.828088403872125e-07
13,3.6174522749243273e-07
14,3.430931198601012e-07
15,3.051182322591568e-07
16,2.531672300924447e-07
17,2.341181966511109e-07
18,2.2155536755174449e-07
19,1.9186871418834419e-07
20,1.8362385065101726e-07
21,1.807008210302777e-07
22,1.6868073903758225e-07
23,1.5867752435084068e-07
24,1.5393912538147547e-07
25,1.3633182254766434e-07
26,1.213254415059402e-07
27,1.1653100823122189e-07
28,1.1550702672046533e-07
29,1.0871113300746057e-07
30,1.0524369450374165e-07
31,9.959505327379475e-08
32,9.106511574276337e-08
33,9.041059672068097e-08
34,8.40086160332551e-08
35,8.074136585589125e-08
36,7.324054525174341e-08
37,7.064443230056587e-08
38,6.987362780037418e-08
39,6.763269142118852e-08
40,6.642324838432714e-08
41,6.30818076313043e-08
42,5.9222052219396756e-08
43,5.8028628981749154e-08
44,5.6708408291952595e-08
45,5.5143155669781284e-08
46,5.29259120895035e-08
47,5.0738519990480946e-08
48,4.9523018736828374e-08
49,4.8170697765057854e-08
50,4.5881062334517986e-08
51,4.493881623266523e-08
52,4.281650336707859e-08
53,4.2229581389328745e-08
54,4.0045141644655753e-08
55,3.947330545666936e-08
56,3.779113891050413e-08
57,3.68410979505667e-08
58,3.605436970160132e-08
59,3.438847906393372e-08
60,3.4212967243622845e-08
61,3.3626061403121835e-08
62,3.31062021801711e-08
63,3.1652775129562686e-08
64,3.0904193051343294e-08
65,3.0281191813342195e-08
66,3.0031155850964873e-08
67,2.8364439359496426e-08
68,2.754816733408684e-08
69,2.7152960309795824e-08
70,2.7010139065976577e-08
71,2.6522506608970678e-08
72,2.5831445481699472e-08
73,2.5259731713776562e-08
74,2.461719752788516e-08
75,2.440168603913176e-08
76,2.3839779047231748e-08
77,2.2710539579020512e-08
78,2.2262093108472804e-08
79,2.1968056307773342e-08
80,2.125764701357686e-08
81,2.0821583865667863e-08
82,2.058499215211812e-08
83,2.022331647576313e-08
84,1.9828148376335122e-08
85,1.9434410769026952e-08
86,1.9238566650883392e-08
87,1.9054452212862786e-08
88,1.8781904351587847e-08
89,1.8484511044787e-08
90,1.8218894212008613e-08
91,1.8020150710327547e-08
92,1.7309347193353195e-08
93,1.7230741568753958e-08
94,1.7062389988768055e-08
95,1.654331481869252e-08
96,1.6533877534206502e-08
97,1.6112694539464566e-08
98,1.560561833455237e-08
99,1.5263019133152426e-08
100,1.5082910430599192e-08
101,1.4894530852955676e-08
102,1.4681045544635644e-08
103,1.4622882378496231e-08
104,1.4326866144077833e-08
105,1.4160641763929529e-08
106,1.3925592558795273e-08
107,1.3798594873134213e-08
108,1.3634033161383949e-08
109,1.3201612791468213e-08
110,1.3124414864493369e-08
111,1.2865600831926832e-08
112,1.2666433710432812e-08
113,1.2614885159073271e-08
114,1.2409115319849116e-08
115,1.2231316516511968e-08
116,1.2070629306356794e-08
117,1.1932981499551532e-08
118,1.1828325519088236e-08
119,1.162091069426418e-08
120,1.1498310119998401e-08
121,1.1251962579945549e-08
122,1.1212202704954722e-08
123,1.108268519192722e-08
124,1.0885323345874184e-08
125,1.0835643835656961e-08
126,1.0701252917130337e-08
127,1.0651327448861942e-08
128,1.0422803712343284e-08
129,1.0297844956083508e-08
130,1.0146280016260022e-08
131,1.0094005232202774e-08
132,9.998344850720528e-09
133,9.873797923611012e-09
134,9.661943690848993e-09
135,9.59533754538106e-09
136,9.430381184752581e-09
137,9.335435590512108e-09
138,9.294509501267681e-09
139,9.151623533635788e-09
140,9.038980948238294e-09
141,9.01531046967596e-09
142,8.929484631436274e-09
143,8.838314316449567e-09
144,8.745971130689405e-09
145,8.706705961106592e-09
146,8.552160376130986e-09
147,8.474141572002184e-09
148,8.377152046027127e-09
149,8.36833131000543e-09
150,8.279895219268719e-09
151,8.170995726043324e-09
152,8.104348694367123e-09
153,8.046726315625911e-09
154,7.986581781705354e-09
155,7.87856676058612e-09
156,7.817055247071805e-09
157,7.698337107701131e-09
158,7.616098782649788e-09
159,7.547332365620319e-09
160,7.48767430576806e-09
161,7.377690550008894e-09
162,7.344963084334581e-09
163,7.303631146622147e-09
164,7.208358576235659e-09
165,7.134538927052295e-09
166,7.125268753431543e-09
167,7.0148304702218115e-09
168,6.954763665135559e-09
169,6.9139040374626906e-09
170,6.871248066248738e-09
171,6.864621840287314e-09
172,6.79591589202297e-09
173,6.7749157432522815e-09
174,6.673459020227721e-09
175,6.606183605385422e-09
176,6.554897746890694e-09
177,6.490164340506771e-09
178,6.427394213850014e-09
179,6.389185751522487e-09
180,6.331807721875246e-09
181,6.2839428550944054e-09
182,6.276833491407878e-09
183,6.227670495326805e-09
184,6.13974264653986e-09
185,6.118563023973106e-09
186,6.077154172664174e-09
187,5.999112712162471e-09
188,5.961646288465292e-09
189,5.922292006458825e-09
190,5.8653465966528306e-09
191,5.847624210131231e-09
192,5.7625919932810285e-09
193,5.698746079737948e-09
194,5.673879712468078e-09
195,5.606076713026798e-09
196,5.580019131910477e-09
197,5.5386729350023014e-09
198,5.516705420073019e-09
199,5.475159620832517e-09
200,5.427079194886494e-09
201,5.409610063882379e-09
202,5.37375682671699e-09
203,5.340994317101383e-09
204,5.303068473412176e-09
205,5.270710817539343e-09
206,5.232614726387817e-09
207,5.208243011526215e-09
208,5.173434031090631e-09
209,5.151514960400571e-09
210,5.070418149637487e-09
211,5.056630061947237e-09
212,5.035152479914738e-09
213,4.998007285385484e-09
214,4.962678326906491e-09
215,4.933114233562263e-09
216,4.901491601374047e-09
217,4.8750990098585966e-09
218,4.851517513323458e-09
219,4.811824142014107e-09
220,4.7966715435173055e-09
221,4.743299390588301e-09
222,4.724292144477311e-09
223,4.690226148504111e-09
224,4.673291672545106e-09
225,4.6464396085957915e-09
226,4.616167467751147e-09
227,4.562370808603648e-09
228,4.52769246148848e-09
229,4.515557435895366e-09
230,4.472689303271338e-09
231,4.453153951481995e-09
232,4.436689539988829e-09
233,4.419648741597742e-09
234,4.405046546525791e-09
235,4.372575597815171e-09
236,4.364833616851658e-09
237,4.324763582036378e-09
238,4.285288633476583e-09
239,4.27640500661403e-09
240,4.227319874510123e-09
241,4.204945806154657e-09
242,4.185819520923277e-09
243,4.159033039553814e-09
244,4.143115994204437e-09
245,4.115005741528777e-09
246,4.0768086598963335e-09
247,4.0546151659261305e-09
248,4.02889219405584e-09
249,4.022681412604098e-09
250,4.011007905109025e-09
251,3.9953740775617e-09
252,3.956264183825016e-09
253,3.929079736445993e-09
254,3.922039309791865e-09
255,3.893976307558802e-09
256,3.8765754550728415e-09
257,3.850002320836963e-09
258,3.833825957386048e-09
259,3.81124288183704e-09
260,3.795344627849026e-09
261,3.785842614293217e-09
262,3.774923406303973e-09
263,3.759654278321455e-09
264,3.7202753497710667e-09
265,3.7050848636930086e-09
266,3.6775222556010912e-09
267,3.6579673287504252e-09
268,3.6516999125874304e-09
269,3.6289077096126482e-09
270,3.601619049901426e-09
271,3.577603167778328e-09
272,3.5469078734397044e-09
273,3.5422805423242227e-09
274,3.534389580281713e-09
275,3.522286179198727e-09
276,3.5070222797173453e-09
277,3.487072589163858e-09
278,3.4663119027649943e-09
279,3.449805982873612e-09
280,3.430545376552267e-09
281,3.4047829322380632e-09
282,3.3765312969156512e-09
283,3.370473990666894e-09
284,3.355165643152591e-09
285,3.3280410350807926e-09
286,3.317945506184457e-09
287,3.296823822409416e-09
288,3.281862073632999e-09
289,3.27178588305251e-09
290,3.255990822852237e-09
291,3.250541227267566e-09
292,3.241616878039533e-09
293,3.231839261337225e-09
294,3.223089608617242e-09
295,3.1986731933457893e-09
296,3.1954452757539692e-09
297,3.167428445856467e-09
298,3.155189701321439e-09
299,3.1413538213407975e-09
300,3.136646401783651e-09
301,3.116063602040335e-09
302,3.09443522354203e-09
303,3.0805786264229303e-09
304,3.0624601800670163e-09
305,3.058611703284689e-09
306,3.0468927551839203e-09
307,3.026781588993897e-09
308,3.019777400984204e-09
309,2.992010922866448e-09
310,2.984797903741232e-09
311,2.9798724558592643e-09
312,2.969038185102776e-09
313,2.955565141327819e-09
314,2.938992372469422e-09
315,2.9226254300722302e-09
316,2.909379818585191e-09
317,2.901127023621902e-09
318,2.8879211347779974e-09
319,2.8649205389526103e-09
320,2.845770676259538e-09
321,2.8375869147168304e-09
322,2.8330749434538063e-09
323,2.815948467589552e-09
324,2.8105993656409212e-09
325,2.799699914795923e-09
326,2.785213420598878e-09
327,2.7767666932560282e-09
328,2.7682358760745182e-09
329,2.750651173912903e-09
330,2.7372127835002535e-09
331,2.7243505181312446e-09
332,2.7166426326677255e-09
333,2.710081139664679e-09
334,2.70531345694808e-09
335,2.697096427342553e-09
336,2.6867169655414886e-09
337,2.669118882042961e-09
338,2.646331549395503e-09
339,2.6416671834823132e-09
340,2.627577486464534e-09
341,2.611610644609867e-09
342,2.6015544374758392e-09
343,2.5989837879768004e-09
344,2.588365211808019e-09
345,2.581770243749451e-09
346,2.572534374034966e-09
347,2.56799409048137e-09
348,2.5543236629471148e-09
349,2.544545343190457e-09
350,2.528944556491516e-09
351,2.517785878130008e-09
352,2.512730334996342e-09
353,2.498128192280069e-09
354,2.48759758955216e-09
355,2.4722823267924214e-09
356,2.4699073122637903e-09
357,2.4620134380319813e-09
358,2.453891691629078e-09
359,2.443768426591364e-09
360,2.438406531705295e-09
361,2.4317495259865575e-09
362,2.4184096332736574e-09
363,2.4046428366527404e-09
364,2.391527556761322e-09
365,2.3768172231203326e-09
366,2.373868077496293e-09
367,2.362302032172091e-09
368,2.344006409068982e-09
369,2.3360764696213203e-09
370,2.3247863229169668e-09
371,2.3203343299212446e-09
372,2.3179969825059803e-09
373,2.307856379990123e-09
374,2.2978346852369072e-09
375,2.2914683012855504e-09
376,2.278579161122623e-09
377,2.273307413279913e-09
378,2.2685788826034732e-09
379,2.251363452849903e-09
380,2.247278375912375e-09
381,2.2449509736737694e-09
382,2.2328073078503008e-09
383,2.2148628350979293e-09
384,2.211861763602439e-09
385,2.2074444560588413e-09
386,2.2053408622113547e-09
387,2.193003697290723e-09
388,2.1896362134179295e-09
389,2.1818774371142014e-09
390,2.1720839565216163e-09
391,2.164376670411923e-09
392,2.153140515781061e-09
393,2.1452948404623247e-09
394,2.133101327839389e-09
395,2.128362519670464e-09
396,2.126592560479925e-09
397,2.116000780632688e-09
398,2.1004811611839564e-09
399,2.097981222751444e-09
400,2.0939152739852494e-09
401,2.087852444155002e-09
402,2.0800475071950135e-09
403,2.069918481585211e-09
404,2.0663806944301023e-09
405,2.0617204781437863e-09
406,2.049805695710635e-09
407,2.039967157613845e-09
408,2.0304958067781908e-09
409,2.0248432603813024e-09
410,2.0211392149852926e-09
411,2.015676592398323e-09
412,2.0036746938514782e-09
413,1.994223509239548e-09
414,1.991523791993498e-09
415,1.9841428984785144e-09
416,1.9779104677313096e-09
417,1.96849283489159e-09
418,1.963230620810767e-09
419,1.946600180771955e-09
420,1.940250002462377e-09
421,1.933123092709918e-09
422,1.9323368554015004e-09
423,1.919902112791866e-09
424,1.9126974407818648e-09
425,1.9077591642031984e-09
426,1.9017774665348942e-09
427,1.8998530422482807e-09
428,1.8839310413703014e-09
429,1.879648050876985e-09
430,1.877741174093158e-09
431,1.87483874245517e-09
432,1.857363691693321e-09
433,1.8514193820936991e-09
434,1.8471077176778038e-09
435,1.8442221939214198e-09
436,1.8379358960825743e-09
437,1.8337431215689734e-09
438,1.827910437276335e-09
439,1.8190580977452735e-09
440,1.8123796188366363e-09
441,1.797226097074265e-09
442,1.7920775732111923e-09
443,1.7856027147331827e-09
444,1.7788278331210647e-09
445,1.777182359474321e-09
446,1.7667804437721079e-09
447,1.7629544564301135e-09
448,1.7588910747162411e-09
449,1.7533053027052722e-09
450,1.746816306572529e-09
451,1.7384012692717942e-09
452,1.731971638244046e-09
453,1.7236602347729602e-09
454,1.7217118748983602e-09
455,1.7193461034001127e-09
456,1.711222157196108e-09
457,1.704818226466835e-09
458,1.7001254826090504e-09
459,1.6890181394335912e-09
460,1.682941587835806e-09
461,1.6798363656281067e-09
462,1.6755467506720231e-09
463,1.673664865116067e-09
464,1.656720343891621e-09
465,1.6555627680623507e-09
466,1.648596876419399e-09
467,1.638284677796148e-09
468,1.6352370244021686e-09
469,1.632125574395401e-09
470,1.6227671758337686e-09
471,1.6187557274246082e-09
472,1.6137828275012346e-09
473,1.6086736031350295e-09
474,1.6026476347836083e-09
475,1.597543374238707e-09
476,1.591662919357428e-09
477,1.5853762369748143e-09
478,1.5824847557680966e-09
479,1.5807252935771642e-09
480,1.571477828833969e-09
481,1.5687943803608282e-09
482,1.55733352362112e-09
483,1.5521895675819382e-09
484,1.5433077554940174e-09
485,1.536145267829403e-09
486,1.533357463754228e-09
487,1.5290154238262346e-09
488,1.5258722897032983e-09
489,1.5151075768079348e-09
490,1.5112050531037592e-09
491,1.5042744560988043e-09
492,1.500871555208486e-09
493,1.4966654826591666e-09
494,1.4929306281748471e-09
495,1.4846253115786151e-09
496,1.4804740661909095e-09
497,1.4730927613751539e-09
498,1.4690955330191135e-09
499,1.466052268183499e-09
500,1.459326129639868e-09
501,1.4522155031406023e-09
502,1.449859083867835e-09
503,1.440625905305743e-09
504,1.4353224271597883e-09
505,1.4314353000649491e-09
506,1.4278612404275444e-09
507,1.4239008763544722e-09
508,1.4196415163494135e-09
509,1.4125970190039426e-09
510,1.4089407690336235e-09
511,1.4016878980804671e-09
512,1.3993417236283652e-09
513,1.3944819347263674e-09
514,1.3911776582818911e-09
515,1.386744758960802e-09
516,1.3782079140705692e-09
517,1.373379889145252e-09
518,1.3677838786887423e-09
519,1.3622532321467672e-09
520,1.361078739089443e-09
521,1.355413929229754e-09
522,1.3499426369918714e-09
523,1.348814294522784e-09
524,1.3459139871764082e-09
525,1.335802527232326e-09
526,1.3336162705166303e-09
527,1.3296282892918663e-09
528,1.324857207602611e-09
529,1.317859343680073e-09
530,1.3135993511780616e-09
531,1.310693187705936e-09
532,1.3072991460913067e-09
533,1.297967973453928e-09
534,1.294483708236555e-09
535,1.2896203954705015e-09
536,1.2870779103994915e-09
537,1.2824232991807068e-09
538,1.278240150223888e-09
539,1.275558030533993e-09
540,1.2714733620244516e-09
541,1.265231296134363e-09
542,1.2629331220082863e-09
543,1.2550007924985335e-09
544,1.2534892652845463e-09
545,1.245080701704062e-09
546,1.242367882685113e-09
547,1.240256276949611e-09
548,1.2334180069656022e-09
549,1.2294477557395402e-09
550,1.2245023380461991e-09
551,1.2236055253397507e-09
552,1.218530747712208e-09
553,1.2147845376679975e-09
554,1.2064072697749934e-09
555,1.2014145146240574e-09
556,1.199094766454108e-09
557,1.199061549816103e-09
558,1.19253096561376e-09
559,1.1872980125342968e-09
560,1.1821517197755167e-09
561,1.1815279130620824e-09
562,1.1729131161395492e-09
563,1.17077088228659e-09
564,1.1693411307222154e-09
565,1.166978778602031e-09
566,1.1617149088154514e-09
567,1.1592778800284375e-09
568,1.1556886114086387e-09
569,1.1454991103710891e-09
570,1.142902163467441e-09
571,1.1413557570752422e-09
572,1.136954805254968e-09
573,1.1277052543555906e-09
574,1.1255593371134415e-09
575,1.1226920894431101e-09
576,1.1188999246912347e-09
577,1.1150601318575472e-09
578,1.1102582811611224e-09
579,1.1066377840213543e-09
580,1.0984932076912002e-09
581,1.0953163157148916e-09
582,1.091976718316435e-09
583,1.0893724191993524e-09
584,1.0869575510429467e-09
585,1.0792311036258763e-09
586,1.077068677267037e-09
587,1.0746616829756744e-09
588,1.071187467778311e-09
589,1.0645541693639355e-09
590,1.0628581235392414e-09
591,1.0531706533232252e-09
592,1.0522118166965767e-09
593,1.0468286037945721e-09
594,1.0415247702059503e-09
595,1.0379092836335696e-09
596,1.0360433799218571e-09
597,1.032114436528372e-09
598,1.0291443695520542e-09
599,1.024944292326677e-09
600,1.023201572697253e-09
601,1.0150646436978268e-09
602,1.0129762388917587e-09
603,1.0090120356200131e-09
604,1.005386944843686e-09
605,9.975911605380494e-10
606,9.944956489484736e-10
607,9.916581472201494e-10
608,9.889773970689006e-10
609,9.83034204926369e-10
610,9.815483389387575e-10
611,9.803669643605627e-10
612,9.727295584629306e-10
613,9.710079268323723e-10
614,9.689103808550743e-10
615,9.615873810997175e-10
616,9.602675529388287e-10
617,9.57955882354159e-10
618,9.500170449062823e-10
619,9.487693040629015e-10
620,9.452115814478143e-10
621,9.40766929626064e-10
622,9.35457722340088e-10
623,9.325283570382147e-10
624,9.30992878116723e-10
625,9.251714721635231e-10
626,9.221011749235391e-10
627,9.20559598012353e-10
628,9.15430118656578e-10
629,9.108965664352401e-10
630,9.074472085362935e-10
631,9.016069971629361e-10
632,8.994513165132856e-10
633,8.956435780731161e-10
634,8.91282896935509e-10
635,8.877071669640331e-10
636,8.875011931723686e-10
637,8.843818461506837e-10
638,8.834755537389802e-10
639,8.787006863889322e-10
640,8.732386802410232e-10
641,8.648619189850041e-10
642,8.61536093521514e-10
643,8.598571935559372e-10
644,8.575064920921017e-10
645,8.5544621020161e-10
646,8.516267032978848e-10
647,8.479390706640171e-10
648,8.417884670998418e-10
649,8.395436742191117e-10
650,8.38943836242167e-10
651,8.318360748340517e-10
652,8.278663195842569e-10
653,8.25338606553867e-10
654,8.23467194406888e-10
655,8.19744803826873e-10
656,8.174183984450138e-10
657,8.097844145005965e-10
658,8.057661996390941e-10
659,8.015121268687321e-10
660,7.963169057166845e-10
661,7.948996487228513e-10
662,7.900508418347476e-10
663,7.860030158289323e-10
664,7.835856617668879e-10
665,7.795176053657397e-10
666,7.773402067019667e-10
667,7.730585790005165e-10
668,7.680934545676458e-10
669,7.667183758776255e-10
670,7.622785156045354e-10
671,7.60049818128384e-10
672,7.556407449964259e-10
673,7.547581792791881e-10
674,7.491311644214286e-10
675,7.431544928430537e-10
676,7.419652246937082e-10
677,7.36462265158332e-10
678,7.346787019292821e-10
679,7.299931893926277e-10
680,7.273903981530115e-10
681,7.265195009936058e-10
682,7.261244549862164e-10
683,7.203631281618416e-10
684,7.156281795690675e-10
685,7.110846747904881e-10
686,7.081861920855631e-10
687,7.055431452279175e-10
688,7.019703281166679e-10
689,7.009174812585547e-10
690,6.914545070429243e-10
691,6.893503237801387e-10
692,6.887313687989544e-10
693,6.861125837453263e-10
694,6.808002917925675e-10
695,6.764114645734472e-10
696,6.756114893990398e-10
697,6.736812430574212e-10
698,6.69014274185084e-10
699,6.678009759116735e-10
700,6.631673005238631e-10
701,6.590421223271618e-10
702,6.577448458075983e-10
703,6.527821994454533e-10
704,6.451645448068777e-10
705,6.413553357660072e-10
706,6.400736788690723e-10
707,6.367870875785256e-10
708,6.333421141304047e-10
709,6.250516052706062e-10
710,6.229154308323824e-10
711,6.161567059957392e-10
712,6.11256395084018e-10
713,6.08136913658064e-10
714,6.047487618148171e-10
715,6.01334404813019e-10
716,5.933935042104816e-10
717,5.909700995783692e-10
718,5.893764778024347e-10
719,5.884451005089151e-10
720,5.845512765910504e-10
721,5.764388078964551e-10
722,5.658318972305415e-10
723,5.640176176098472e-10
724,5.538774412600785e-10
725,5.525712172629135e-10
726,5.483861217567267e-10
727,5.439496415032357e-10
728,5.357688515682525e-10
729,5.290535993690758e-10
730,5.179246870826055e-10
731,5.105724651064198e-10
732,4.959201511086871e-10
