environment,T,prescribed_lambda,complexity,relative_complexity,lambda_elasticity,local_T_elasticity,regularization_bias,projection_floor,rank,annual_SR_star,finite_rank_annual_SR_ceiling
baseline,60,8.545387815951455e-06,2.755544787310474,0.04592574645517457,0.5520362340955168,0.33122174045731007,0.22051889274130318,0.0017771060534938488,4096,2.9999999999999996,2.9891292759822394
baseline,90,6.700034233118962e-06,3.157333785106742,0.03508148650118602,0.5673283886086663,0.34039703316519976,0.1955415208902832,0.0017771060534938488,4096,2.9999999999999996,2.9891292759822394
baseline,120,5.637853411885125e-06,3.4857549938525434,0.02904795828210453,0.5794181067430753,0.34765086404584516,0.1775258395001103,0.0017771060534938488,4096,2.9999999999999996,2.9891292759822394
baseline,180,4.4203740865248355e-06,4.022263693604214,0.022345909408912297,0.5976953473701608,0.3586172084220965,0.1522121681953544,0.0017771060534938488,4096,2.9999999999999996,2.9891292759822394
baseline,240,3.719596088380188e-06,4.464565079877767,0.018602354499490697,0.6111652289631873,0.3666991373779123,0.1346623103525903,0.0017771060534938488,4096,2.9999999999999996,2.9891292759822394
baseline,360,2.9163592878725138e-06,5.192304745069843,0.01442306873630512,0.6302099079465115,0.3781259447679069,0.11109403534698797,0.0017771060534938488,4096,2.9999999999999996,2.9891292759822394
baseline,540,2.286579320407906e-06,6.066302784980575,0.011233894046260325,0.6485637664111695,0.3891382598467017,0.08953913233135927,0.0017771060534938488,4096,2.9999999999999996,2.9891292759822394
baseline,720,1.924079575501893e-06,6.792104351004809,0.009433478265284458,0.6607417516209165,0.3964450509725499,0.07579160970829935,0.0017771060534938488,4096,2.9999999999999996,2.9891292759822394
baseline,1080,1.5085797509439702e-06,7.991932155762698,0.007399937181261758,0.676219327048494,0.4057315962290964,0.05889057579543899,0.0017771060534938488,4096,2.9999999999999996,2.9891292759822394
baseline,1440,1.26941911041565e-06,8.988956345504345,0.0062423307954891285,0.685768915390089,0.41146134923405336,0.048730604450325954,0.0017771060534938488,4096,2.9999999999999996,2.9891292759822394
baseline,2160,9.952914577011858e-07,10.636039073638324,0.004924092163721447,0.696976175190567,0.41818570511434017,0.036938895206339944,0.0017771060534938488,4096,2.9999999999999996,2.9891292759822394
baseline,3240,7.803609364669119e-07,12.615089071734157,0.0038935460097944932,0.7054451662578123,0.42326709975468735,0.02786436150351218,0.0017771060534938488,4096,2.9999999999999996,2.9891292759822394
baseline,4860,6.118440849176298e-07,14.988293711688994,0.003084011051787859,0.7112206788957965,0.4267324073374779,0.021115419048064188,0.0017771060534938488,4096,2.9999999999999996,2.9891292759822394
N300,60,8.720585861668789e-06,3.741828826958293,0.062363813782638215,0.6533101038125906,0.39198606228755434,0.21803203905037008,0.0034043192833616565,4096,2.949817248737261,2.929258473155258
N300,90,6.8373987306892775e-06,4.39415019413338,0.048823891045926444,0.6677904195757524,0.4006742517454514,0.19387850153051095,0.0034043192833616565,4096,2.949817248737261,2.929258473155258
N300,120,5.7534410155231115e-06,4.935295530727501,0.04112746275606251,0.6778282060441325,0.4066969236264795,0.17646608769624533,0.0034043192833616565,4096,2.949817248737261,2.929258473155258
N300,180,4.5110008571265236e-06,5.829623494804256,0.03238679719335698,0.6910762230740007,0.41464573384440045,0.1520148735313656,0.0034043192833616565,4096,2.949817248737261,2.929258473155258
N300,240,3.79585546707399e-06,6.573066729485283,0.027387778039522012,0.6995185674615858,0.41971114047695146,0.13507492729047285,0.0034043192833616565,4096,2.949817248737261,2.929258473155258
N300,360,2.9761506582408775e-06,7.80245314204166,0.021673480950115724,0.7096689008418448,0.4258013405051068,0.11234412654691633,0.0034043192833616565,4096,2.949817248737261,2.929258473155258
N300,540,2.33345890468673e-06,9.282079488747605,0.017189036090273342,0.7174832573681204,0.4304899544208722,0.09157639788598781,0.0034043192833616565,4096,2.949817248737261,2.929258473155258
N300,720,1.963527168600397e-06,10.509692584961025,0.014596795256890312,0.721543189560148,0.43292591373608874,0.07834246596690564,0.0034043192833616565,4096,2.949817248737261,2.929258473155258
N300,1080,1.5395087420987966e-06,12.53255140171229,0.011604214260844712,0.7252269337343332,0.4351361602405999,0.062084876196914024,0.0034043192833616565,4096,2.949817248737261,2.929258473155258
N300,1440,1.2954448159928632e-06,14.205577626792348,0.00986498446305024,0.7264916017901133,0.43589496107406794,0.052316775937400334,0.0034043192833616565,4096,2.949817248737261,2.929258473155258
N300,2160,1.015696981951695e-06,16.952633851168248,0.007848441597763078,0.7265768129357594,0.4359460877614556,0.04098056103054948,0.0034043192833616565,4096,2.949817248737261,2.929258473155258
N300,3240,7.963599424766735e-07,20.22694376002158,0.00624288387654987,0.7249223848831408,0.4349534309298844,0.03224950386722808,0.0034043192833616565,4096,2.949817248737261,2.929258473155258
N1200,60,8.457793609886316e-06,2.2319627870051013,0.037199379783418356,0.4558325888343552,0.2734995533006131,0.2217511669168325,0.0009082278568284252,4096,3.0260712536092402,3.020477237256364
N1200,90,6.631355760953685e-06,2.4962024798937206,0.02773558310993023,0.464589399720057,0.27875363983203416,0.1963380455919336,0.0009082278568284252,4096,3.0260712536092402,3.020477237256364
N1200,120,5.580062787964714e-06,2.706498479095223,0.02255415399246019,0.472904990601093,0.28374299436065575,0.17800279331626162,0.0009082278568284252,4096,3.0260712536092402,3.020477237256364
N1200,180,4.375063192863897e-06,3.0416909641657535,0.016898283134254184,0.4875136367207372,0.29250818203244233,0.15223144516883147,0.0009082278568284252,4096,3.0260712536092402,3.020477237256364
N1200,240,3.6814684956644457e-06,3.3121657314002366,0.013800690547500986,0.4998103048346749,0.29988618290080493,0.13435723906628985,0.0009082278568284252,4096,3.0260712536092402,3.020477237256364
N1200,360,2.8864652465576142e-06,3.7492045984919233,0.01041445721803312,0.5195478828210799,0.3117287296926479,0.1103423897425885,0.0009082278568284252,4096,3.0260712536092402,3.020477237256364
N1200,540,2.2631408171486133e-06,4.265580220494227,0.007899222630544865,0.5415695541044917,0.32494173246269503,0.08836600861547811,0.0009082278568284252,4096,3.0260712536092402,3.020477237256364
N1200,720,1.9043568635019024e-06,4.690233374830374,0.006514213020597742,0.5581762286831937,0.33490573720991623,0.07434223381866092,0.0009082278568284252,4096,3.0260712536092402,3.020477237256364
N1200,1080,1.4931161057103138e-06,5.388134987447137,0.004989013877265868,0.5822930276563575,0.3493758165938145,0.057093032295401025,0.0009082278568284252,4096,3.0260712536092402,3.020477237256364
N1200,1440,1.2564069731627084e-06,5.9666816405394645,0.004143528917041295,0.5994366286130209,0.35966197716781256,0.046719321540846015,0.0009082278568284252,4096,3.0260712536092402,3.020477237256364
N1200,2160,9.85089256593588e-07,6.92333082346384,0.00320524575160363,0.6228674025678118,0.37372044154068707,0.034676373500104246,0.0009082278568284252,4096,3.0260712536092402,3.020477237256364
N1200,3240,7.723618733294295e-07,8.077732145660026,0.002493127205450625,0.6445644721687954,0.38673868330127725,0.025408499268939733,0.0009082278568284252,4096,3.0260712536092402,3.020477237256364
rho000,60,8.545387815951455e-06,2.755544787310474,0.04592574645517457,0.5520362340955168,0.33122174045731007,0.22051889274130318,0.0017771060534938488,4096,2.9999999999999996,2.9891292759822394
rho000,90,6.700034233118962e-06,3.157333785106742,0.03508148650118602,0.5673283886086663,0.34039703316519976,0.19554152089028326,0.0017771060534938488,4096,2.9999999999999996,2.9891292759822394
rho000,120,5.637853411885125e-06,3.4857549938525434,0.02904795828210453,0.5794181067430753,0.34765086404584516,0.17752583950011097,0.0017771060534938488,4096,2.9999999999999996,2.9891292759822394
rho000,180,4.4203740865248355e-06,4.022263693604214,0.022345909408912297,0.5976953473701608,0.3586172084220965,0.15221216819535419,0.0017771060534938488,4096,2.9999999999999996,2.9891292759822394
rho000,240,3.719596088380188e-06,4.464565079877767,0.018602354499490697,0.6111652289631873,0.3666991373779123,0.13466231035259074,0.0017771060534938488,4096,2.9999999999999996,2.9891292759822394
rho000,360,2.9163592878725138e-06,5.192304745069843,0.01442306873630512,0.6302099079465115,0.3781259447679069,0.11109403534698781,0.0017771060534938488,4096,2.9999999999999996,2.9891292759822394
rho000,540,2.286579320407906e-06,6.066302784980575,0.011233894046260325,0.6485637664111695,0.3891382598467017,0.08953913233135916,0.0017771060534938488,4096,2.9999999999999996,2.9891292759822394
rho000,720,1.924079575501893e-06,6.792104351004809,0.009433478265284458,0.6607417516209165,0.3964450509725499,0.0757916097082989,0.0017771060534938488,4096,2.9999999999999996,2.9891292759822394
rho000,1080,1.5085797509439702e-06,7.991932155762698,0.007399937181261758,0.676219327048494,0.4057315962290964,0.05889057579543966,0.0017771060534938488,4096,2.9999999999999996,2.9891292759822394
rho000,1440,1.26941911041565e-06,8.988956345504345,0.0062423307954891285,0.685768915390089,0.41146134923405336,0.04873060445032629,0.0017771060534938488,4096,2.9999999999999996,2.9891292759822394
rho000,2160,9.952914577011858e-07,10.636039073638324,0.004924092163721447,0.696976175190567,0.41818570511434017,0.0369388952063395,0.0017771060534938488,4096,2.9999999999999996,2.9891292759822394
rho000,3240,7.803609364669119e-07,12.615089071734157,0.0038935460097944932,0.7054451662578123,0.42326709975468735,0.027864361503512625,0.0017771060534938488,4096,2.9999999999999996,2.9891292759822394
rho075,60,8.545387815951455e-06,2.755544787310474,0.04592574645517457,0.5520362340955168,0.33122174045731007,0.22051889274130318,0.0017771060534938488,4096,2.9999999999999996,2.9891292759822394
rho075,90,6.700034233118962e-06,3.157333785106742,0.03508148650118602,0.5673283886086663,0.34039703316519976,0.19554152089028326,0.0017771060534938488,4096,2.9999999999999996,2.9891292759822394
rho075,120,5.637853411885125e-06,3.4857549938525434,0.02904795828210453,0.5794181067430753,0.34765086404584516,0.17752583950011097,0.0017771060534938488,4096,2.9999999999999996,2.9891292759822394
rho075,180,4.4203740865248355e-06,4.022263693604214,0.022345909408912297,0.5976953473701608,0.3586172084220965,0.15221216819535419,0.0017771060534938488,4096,2.9999999999999996,2.9891292759822394
rho075,240,3.719596088380188e-06,4.464565079877767,0.018602354499490697,0.6111652289631873,0.3666991373779123,0.13466231035259074,0.0017771060534938488,4096,2.9999999999999996,2.9891292759822394
rho075,360,2.9163592878725138e-06,5.192304745069843,0.01442306873630512,0.6302099079465115,0.3781259447679069,0.11109403534698781,0.0017771060534938488,4096,2.9999999999999996,2.9891292759822394
rho075,540,2.286579320407906e-06,6.066302784980575,0.011233894046260325,0.6485637664111695,0.3891382598467017,0.08953913233135916,0.0017771060534938488,4096,2.9999999999999996,2.9891292759822394
rho075,720,1.924079575501893e-06,6.792104351004809,0.009433478265284458,0.6607417516209165,0.3964450509725499,0.0757916097082989,0.0017771060534938488,4096,2.9999999999999996,2.9891292759822394
rho075,1080,1.5085797509439702e-06,7.991932155762698,0.007399937181261758,0.676219327048494,0.4057315962290964,0.05889057579543966,0.0017771060534938488,4096,2.9999999999999996,2.9891292759822394
rho075,1440,1.26941911041565e-06,8.988956345504345,0.0062423307954891285,0.685768915390089,0.41146134923405336,0.04873060445032629,0.0017771060534938488,4096,2.9999999999999996,2.9891292759822394
rho075,2160,9.952914577011858e-07,10.636039073638324,0.004924092163721447,0.696976175190567,0.41818570511434017,0.0369388952063395,0.0017771060534938488,4096,2.9999999999999996,2.9891292759822394
rho075,3240,7.803609364669119e-07,12.615089071734157,0.0038935460097944932,0.7054451662578123,0.42326709975468735,0.027864361503512625,0.0017771060534938488,4096,2.9999999999999996,2.9891292759822394
