rank,basis_seed,population_groups,population_seed,primary,T,N1200,N300,baseline,N300_minus_baseline,N1200_minus_baseline,cross_N_range,run_hash
512,140729086,32768,1237722080,False,60,0.25955326912526006,0.3709085424756977,0.3126131630664645,0.05829537940923324,-0.05305989394120442,0.11135527335043766,e9f1f005be1a58ee736a09cb711d5be87457b9875d1e26dab56c03ccdca61d8d
512,140729086,32768,1237722080,False,90,0.2632121392232392,0.37878844480617274,0.3204343699808402,0.05835407482533256,-0.05722223075760097,0.11557630558293353,e9f1f005be1a58ee736a09cb711d5be87457b9875d1e26dab56c03ccdca61d8d
512,140729086,32768,1237722080,False,120,0.26703871234476384,0.38428632053208983,0.3267896589869486,0.057496661545141214,-0.05975094664218478,0.11724760818732599,e9f1f005be1a58ee736a09cb711d5be87457b9875d1e26dab56c03ccdca61d8d
512,140729086,32768,1237722080,False,180,0.2741499047100581,0.3915279940971389,0.3365928757984202,0.05493511829871872,-0.062442971088362054,0.11737808938708078,e9f1f005be1a58ee736a09cb711d5be87457b9875d1e26dab56c03ccdca61d8d
512,140729086,32768,1237722080,False,240,0.2803630182075229,0.3960855255429799,0.34392461832641436,0.05216090721656552,-0.06356160011889145,0.11572250733545697,e9f1f005be1a58ee736a09cb711d5be87457b9875d1e26dab56c03ccdca61d8d
512,140729086,32768,1237722080,False,360,0.2906064697875109,0.401400592161941,0.35438809275110505,0.04701249941083596,-0.06378162296359413,0.11079412237443009,e9f1f005be1a58ee736a09cb711d5be87457b9875d1e26dab56c03ccdca61d8d
512,140729086,32768,1237722080,False,540,0.3023042744084878,0.40518897302252554,0.3645167580151893,0.040672215007336254,-0.06221248360670151,0.10288469861403776,e9f1f005be1a58ee736a09cb711d5be87457b9875d1e26dab56c03ccdca61d8d
512,140729086,32768,1237722080,False,720,0.3112626943296625,0.4068832972959586,0.3712201601433245,0.03566313715263414,-0.05995746581366196,0.0956206029662961,e9f1f005be1a58ee736a09cb711d5be87457b9875d1e26dab56c03ccdca61d8d
512,140729086,32768,1237722080,False,1080,0.32443377768211895,0.40787955562407185,0.3796501372808411,0.028229418343230728,-0.055216359598722176,0.0834457779419529,e9f1f005be1a58ee736a09cb711d5be87457b9875d1e26dab56c03ccdca61d8d
512,140729086,32768,1237722080,False,1440,0.3338891377690251,0.4076508040244289,0.38474307242879285,0.022907731595636027,-0.05085393465976773,0.07376166625540376,e9f1f005be1a58ee736a09cb711d5be87457b9875d1e26dab56c03ccdca61d8d
512,140729086,32768,1237722080,False,2160,0.34690143943615287,0.40613183716598583,0.3904935487882719,0.015638288377713916,-0.043592109352119046,0.05923039772983296,e9f1f005be1a58ee736a09cb711d5be87457b9875d1e26dab56c03ccdca61d8d
512,140729086,32768,1237722080,False,3240,0.3589938676334768,0.40336625197776943,0.3944775446069398,0.00888870737082964,-0.035483676973462996,0.04437238434429264,e9f1f005be1a58ee736a09cb711d5be87457b9875d1e26dab56c03ccdca61d8d
512,140729086,32768,2212783648,False,60,0.2592024672082233,0.3705833279439604,0.3122555178636077,0.058327810080352704,-0.053053050655384404,0.11138086073573711,e9f1f005be1a58ee736a09cb711d5be87457b9875d1e26dab56c03ccdca61d8d
512,140729086,32768,2212783648,False,90,0.262833381330766,0.37846943113657655,0.32006481615824317,0.05840461497833338,-0.05723143482747717,0.11563604980581055,e9f1f005be1a58ee736a09cb711d5be87457b9875d1e26dab56c03ccdca61d8d
512,140729086,32768,2212783648,False,120,0.2666526592621666,0.3839804609688772,0.32642351846449136,0.057556942504385866,-0.05977085920232478,0.11732780170671064,e9f1f005be1a58ee736a09cb711d5be87457b9875d1e26dab56c03ccdca61d8d
512,140729086,32768,2212783648,False,180,0.2737689813144209,0.3912490740990847,0.33624502537594236,0.05500404872314235,-0.06247604406152146,0.11748009278466381,e9f1f005be1a58ee736a09cb711d5be87457b9875d1e26dab56c03ccdca61d8d
512,140729086,32768,2212783648,False,240,0.2799944892162494,0.3958290627489984,0.3435967021174758,0.05223236063152259,-0.06360221290122636,0.11583457353274895,e9f1f005be1a58ee736a09cb711d5be87457b9875d1e26dab56c03ccdca61d8d
512,140729086,32768,2212783648,False,360,0.29026401011360925,0.4011768764748415,0.3540939554223426,0.047082921052498894,-0.06382994530873337,0.11091286636123227,e9f1f005be1a58ee736a09cb711d5be87457b9875d1e26dab56c03ccdca61d8d
512,140729086,32768,2212783648,False,540,0.30199400053518616,0.4049961761648418,0.36425894810379084,0.040737228061050956,-0.06226494756860468,0.10300217562965563,e9f1f005be1a58ee736a09cb711d5be87457b9875d1e26dab56c03ccdca61d8d
512,140729086,32768,2212783648,False,720,0.3109770280443544,0.40671011733136214,0.37098776327247834,0.0357223540588838,-0.060010735228123946,0.09573308928700774,e9f1f005be1a58ee736a09cb711d5be87457b9875d1e26dab56c03ccdca61d8d
512,140729086,32768,2212783648,False,1080,0.324183262748342,0.40772992412691605,0.37945122517380997,0.028278698953106085,-0.05526796242546794,0.08354666137857403,e9f1f005be1a58ee736a09cb711d5be87457b9875d1e26dab56c03ccdca61d8d
512,140729086,32768,2212783648,False,1440,0.3336629342501342,0.4075148200612417,0.3845655215938223,0.022949298467419388,-0.05090258734368808,0.07385188581110746,e9f1f005be1a58ee736a09cb711d5be87457b9875d1e26dab56c03ccdca61d8d
512,140729086,32768,2212783648,False,2160,0.3467074506165835,0.4060109164647791,0.3903420469269376,0.015668869537841523,-0.0436345963103541,0.059303465848195624,e9f1f005be1a58ee736a09cb711d5be87457b9875d1e26dab56c03ccdca61d8d
512,140729086,32768,2212783648,False,3240,0.35882866408555525,0.4032559578866172,0.3943470133465148,0.008908944540102437,-0.035518349260959536,0.04442729380106197,e9f1f005be1a58ee736a09cb711d5be87457b9875d1e26dab56c03ccdca61d8d
512,373077418,32768,1237722080,False,60,0.2597665015049888,0.37123296192465266,0.31290068552780054,0.05833227639685212,-0.053134184022811726,0.11146646041966385,e9f1f005be1a58ee736a09cb711d5be87457b9875d1e26dab56c03ccdca61d8d
512,373077418,32768,1237722080,False,90,0.2634438564614955,0.3791187631143635,0.32073759749212555,0.05838116562223794,-0.05729374103063006,0.115674906652868,e9f1f005be1a58ee736a09cb711d5be87457b9875d1e26dab56c03ccdca61d8d
512,373077418,32768,1237722080,False,120,0.26728442049259293,0.38461968903253013,0.3271032476664328,0.05751644136609735,-0.05981882717383985,0.1173352685399372,e9f1f005be1a58ee736a09cb711d5be87457b9875d1e26dab56c03ccdca61d8d
512,373077418,32768,1237722080,False,180,0.27441616602519076,0.3918643785333366,0.33691955963257697,0.05494481890075964,-0.06250339360738622,0.11744821250814586,e9f1f005be1a58ee736a09cb711d5be87457b9875d1e26dab56c03ccdca61d8d
512,373077418,32768,1237722080,False,240,0.28064421562990527,0.3964234702528289,0.34425940791751347,0.05216406233531545,-0.0636151922876082,0.11577925462292366,e9f1f005be1a58ee736a09cb711d5be87457b9875d1e26dab56c03ccdca61d8d
512,373077418,32768,1237722080,False,360,0.2909089216118876,0.4017405615172431,0.35473273037016023,0.047007831147082846,-0.06382380875827265,0.1108316399053555,e9f1f005be1a58ee736a09cb711d5be87457b9875d1e26dab56c03ccdca61d8d
512,373077418,32768,1237722080,False,540,0.3026279115722076,0.40553145119937517,0.36486977048342345,0.04066168071595172,-0.062241858911215864,0.10290353962716758,e9f1f005be1a58ee736a09cb711d5be87457b9875d1e26dab56c03ccdca61d8d
512,373077418,32768,1237722080,False,720,0.3116010748226395,0.40722810195188824,0.3715784890528813,0.03564961289900692,-0.05997741423024183,0.09562702712924875,e9f1f005be1a58ee736a09cb711d5be87457b9875d1e26dab56c03ccdca61d8d
512,373077418,32768,1237722080,False,1080,0.32479199233525735,0.40822838714062026,0.38001535988246576,0.0282130272581545,-0.05522336754720841,0.08343639480536291,e9f1f005be1a58ee736a09cb711d5be87457b9875d1e26dab56c03ccdca61d8d
512,373077418,32768,1237722080,False,1440,0.33426030161786063,0.4080027818302965,0.38511282512654593,0.022889956703750547,-0.0508525235086853,0.07374248021243585,e9f1f005be1a58ee736a09cb711d5be87457b9875d1e26dab56c03ccdca61d8d
512,373077418,32768,1237722080,False,2160,0.347288503496878,0.40648801915206895,0.3908690808612935,0.01561893829077543,-0.04358057736441551,0.05919951565519094,e9f1f005be1a58ee736a09cb711d5be87457b9875d1e26dab56c03ccdca61d8d
512,373077418,32768,1237722080,False,3240,0.35939334775998755,0.4037255073428241,0.3948578349541672,0.008867672388656878,-0.03546448719417966,0.04433215958283654,e9f1f005be1a58ee736a09cb711d5be87457b9875d1e26dab56c03ccdca61d8d
512,373077418,32768,2212783648,False,60,0.25946456304256404,0.37098405068564333,0.3126088668405931,0.05837518384505025,-0.053144303798029036,0.11151948764307928,e9f1f005be1a58ee736a09cb711d5be87457b9875d1e26dab56c03ccdca61d8d
512,373077418,32768,2212783648,False,90,0.263119553097988,0.3788794978652017,0.32043898629190515,0.05844051157329655,-0.057319433193917135,0.11575994476721368,e9f1f005be1a58ee736a09cb711d5be87457b9875d1e26dab56c03ccdca61d8d
512,373077418,32768,2212783648,False,120,0.2669568336399243,0.3843958128565336,0.32681143242378324,0.05758438043275038,-0.05985459878385896,0.11743897921660934,e9f1f005be1a58ee736a09cb711d5be87457b9875d1e26dab56c03ccdca61d8d
512,373077418,32768,2212783648,False,180,0.2740993661255553,0.3916704439987504,0.3366504238316806,0.055020020167069805,-0.06255105770612529,0.1175710778731951,e9f1f005be1a58ee736a09cb711d5be87457b9875d1e26dab56c03ccdca61d8d
512,373077418,32768,2212783648,False,240,0.28034379802587006,0.39625414079489774,0.3440130704882984,0.05224107030659936,-0.06366927246242832,0.11591034276902767,e9f1f005be1a58ee736a09cb711d5be87457b9875d1e26dab56c03ccdca61d8d
512,373077418,32768,2212783648,False,360,0.2906401247976492,0.4016072446185571,0.35452394045123137,0.04708330416732576,-0.06388381565358214,0.1109671198209079,e9f1f005be1a58ee736a09cb711d5be87457b9875d1e26dab56c03ccdca61d8d
512,373077418,32768,2212783648,False,540,0.3023967355710621,0.40543282770421835,0.36470091219194356,0.040731915512274786,-0.062304176620881446,0.10303609213315623,e9f1f005be1a58ee736a09cb711d5be87457b9875d1e26dab56c03ccdca61d8d
512,373077418,32768,2212783648,False,720,0.3113982647686883,0.40715219033267996,0.37143760466065245,0.03571458567202751,-0.06003933989196414,0.09575392556399165,e9f1f005be1a58ee736a09cb711d5be87457b9875d1e26dab56c03ccdca61d8d
512,373077418,32768,2212783648,False,1080,0.32462944440661823,0.4081810596127288,0.37991171735027396,0.028269342262454866,-0.05528227294365573,0.0835516152061106,e9f1f005be1a58ee736a09cb711d5be87457b9875d1e26dab56c03ccdca61d8d
512,373077418,32768,2212783648,False,1440,0.3341255295552595,0.4079731677937895,0.38503339362237216,0.02293977417141735,-0.050907864067112674,0.07384763823853002,e9f1f005be1a58ee736a09cb711d5be87457b9875d1e26dab56c03ccdca61d8d
512,373077418,32768,2212783648,False,2160,0.3471905776651205,0.40647987034919425,0.3908200743299121,0.015659796019282135,-0.0436294966647916,0.059289292684073736,e9f1f005be1a58ee736a09cb711d5be87457b9875d1e26dab56c03ccdca61d8d
512,373077418,32768,2212783648,False,3240,0.3593285732116461,0.4037351106044333,0.39483467911868714,0.008900431485746152,-0.03550610590704106,0.044406537392787215,e9f1f005be1a58ee736a09cb711d5be87457b9875d1e26dab56c03ccdca61d8d
512,373077418,131072,306787219,False,60,0.2596999960196605,0.37116737640096986,0.31282611135576055,0.05834126504520931,-0.053126115336100066,0.11146738038130938,e9f1f005be1a58ee736a09cb711d5be87457b9875d1e26dab56c03ccdca61d8d
512,373077418,131072,306787219,False,90,0.26336135565480445,0.3790537195552927,0.3206538782276175,0.05839984132767523,-0.05729252257281303,0.11569236390048826,e9f1f005be1a58ee736a09cb711d5be87457b9875d1e26dab56c03ccdca61d8d
512,373077418,131072,306787219,False,120,0.26719268191025813,0.3845578142672074,0.3270159371125186,0.057541877154688836,-0.05982325520226045,0.11736513235694929,e9f1f005be1a58ee736a09cb711d5be87457b9875d1e26dab56c03ccdca61d8d
512,373077418,131072,306787219,False,180,0.2743145811836243,0.3918102629748371,0.33683121192323895,0.05497905105159817,-0.06251663073961466,0.11749568179121284,e9f1f005be1a58ee736a09cb711d5be87457b9875d1e26dab56c03ccdca61d8d
512,373077418,131072,306787219,False,240,0.28053806120764896,0.3963767547506649,0.3441730956497427,0.05220365910092223,-0.06363503444209373,0.11583869354301596,e9f1f005be1a58ee736a09cb711d5be87457b9875d1e26dab56c03ccdca61d8d
512,373077418,131072,306787219,False,360,0.2908001655960205,0.40170629522179163,0.3546530679780866,0.04705322724370503,-0.06385290238206609,0.11090612962577112,e9f1f005be1a58ee736a09cb711d5be87457b9875d1e26dab56c03ccdca61d8d
512,373077418,131072,306787219,False,540,0.3025216791040659,0.4055113207018599,0.36480098718716547,0.04071033351469444,-0.06227930808309956,0.102989641597794,e9f1f005be1a58ee736a09cb711d5be87457b9875d1e26dab56c03ccdca61d8d
512,373077418,131072,306787219,False,720,0.31150004475126253,0.4072186423113512,0.3715197607453405,0.0356988815660107,-0.06001971599407796,0.09571859756008866,e9f1f005be1a58ee736a09cb711d5be87457b9875d1e26dab56c03ccdca61d8d
512,373077418,131072,306787219,False,1080,0.32470313808744916,0.40823434873756376,0.3799734933938225,0.02826085534374123,-0.055270355306373364,0.0835312106501146,e9f1f005be1a58ee736a09cb711d5be87457b9875d1e26dab56c03ccdca61d8d
512,373077418,131072,306787219,False,1440,0.3341832137454987,0.4080196386740161,0.38508427667802847,0.022935361995987613,-0.05090106293252977,0.07383642492851739,e9f1f005be1a58ee736a09cb711d5be87457b9875d1e26dab56c03ccdca61d8d
512,373077418,131072,306787219,False,2160,0.3472314066116062,0.4065197316193313,0.3908601625577925,0.015659569061538814,-0.043628755946186315,0.05928832500772513,e9f1f005be1a58ee736a09cb711d5be87457b9875d1e26dab56c03ccdca61d8d
512,373077418,131072,306787219,False,3240,0.35935862000748126,0.40377112890981354,0.39486831808177,0.008902810828043561,-0.03550969807428872,0.04441250890233228,e9f1f005be1a58ee736a09cb711d5be87457b9875d1e26dab56c03ccdca61d8d
1024,140729086,32768,1237722080,False,60,0.26579321779836684,0.38053686417999544,0.32102293803589765,0.059513926144097784,-0.05522972023753081,0.1147436463816286,e9f1f005be1a58ee736a09cb711d5be87457b9875d1e26dab56c03ccdca61d8d
1024,140729086,32768,1237722080,False,90,0.2701598409413175,0.3887924751387525,0.32946375470400807,0.05932872043474441,-0.05930391376269056,0.11863263419743497,e9f1f005be1a58ee736a09cb711d5be87457b9875d1e26dab56c03ccdca61d8d
1024,140729086,32768,1237722080,False,120,0.2745055314864459,0.39453343210960296,0.3362329887525626,0.05830044335704038,-0.06172745726611667,0.12002790062315705,e9f1f005be1a58ee736a09cb711d5be87457b9875d1e26dab56c03ccdca61d8d
1024,140729086,32768,1237722080,False,180,0.2823605572756425,0.4021000296726443,0.3465757581685615,0.05552427150408279,-0.06421520089291899,0.11973947239700178,e9f1f005be1a58ee736a09cb711d5be87457b9875d1e26dab56c03ccdca61d8d
1024,140729086,32768,1237722080,False,240,0.28910216033395436,0.4068884403138326,0.35425799353209836,0.05263044678173423,-0.065155833198144,0.11778627997987823,e9f1f005be1a58ee736a09cb711d5be87457b9875d1e26dab56c03ccdca61d8d
1024,140729086,32768,1237722080,False,360,0.3000791272472294,0.4125520823504343,0.36517465987697895,0.04737742247345533,-0.06509553262974954,0.11247295510320487,e9f1f005be1a58ee736a09cb711d5be87457b9875d1e26dab56c03ccdca61d8d
1024,140729086,32768,1237722080,False,540,0.3124830847183315,0.4167410912915542,0.3757216954549796,0.0410193958365746,-0.06323861073664805,0.10425800657322265,e9f1f005be1a58ee736a09cb711d5be87457b9875d1e26dab56c03ccdca61d8d
1024,140729086,32768,1237722080,False,720,0.3219176469024329,0.41876305375370826,0.38271130579432916,0.0360517479593791,-0.06079365889189625,0.09684540685127535,e9f1f005be1a58ee736a09cb711d5be87457b9875d1e26dab56c03ccdca61d8d
1024,140729086,32768,1237722080,False,1080,0.33571418497010463,0.42029164655933315,0.39154591632713426,0.028745730232198896,-0.055831731357029624,0.08457746158922852,e9f1f005be1a58ee736a09cb711d5be87457b9875d1e26dab56c03ccdca61d8d
1024,140729086,32768,1237722080,False,1440,0.3455759804774038,0.42049228864812477,0.39693663721134465,0.023555651436780123,-0.05136065673394086,0.07491630817072098,e9f1f005be1a58ee736a09cb711d5be87457b9875d1e26dab56c03ccdca61d8d
1024,140729086,32768,1237722080,False,2160,0.35910586143747486,0.41964886245032257,0.40313525345926954,0.01651360899105303,-0.04402939202179468,0.06054300101284771,e9f1f005be1a58ee736a09cb711d5be87457b9875d1e26dab56c03ccdca61d8d
1024,140729086,32768,1237722080,False,3240,0.37165727615536065,0.4176350986839458,0.4076127457472921,0.010022352936653711,-0.035955469591931466,0.04597782252858518,e9f1f005be1a58ee736a09cb711d5be87457b9875d1e26dab56c03ccdca61d8d
1024,140729086,32768,2212783648,False,60,0.26544510730800447,0.3802286666433119,0.32067463693931664,0.05955402970399526,-0.05522952963131217,0.11478355933530743,e9f1f005be1a58ee736a09cb711d5be87457b9875d1e26dab56c03ccdca61d8d
1024,140729086,32768,2212783648,False,90,0.2697873874265796,0.3884939662594202,0.32910768493064363,0.05938628132877655,-0.059320297504064035,0.11870657883284058,e9f1f005be1a58ee736a09cb711d5be87457b9875d1e26dab56c03ccdca61d8d
1024,140729086,32768,2212783648,False,120,0.27412836803755203,0.3942501048859027,0.33588303316474427,0.0583670717211584,-0.06175466512719224,0.12012173684835065,e9f1f005be1a58ee736a09cb711d5be87457b9875d1e26dab56c03ccdca61d8d
1024,140729086,32768,2212783648,False,180,0.2819920559950493,0.40184588989017916,0.34624742181640555,0.05559846807377361,-0.06425536582135627,0.11985383389512988,e9f1f005be1a58ee736a09cb711d5be87457b9875d1e26dab56c03ccdca61d8d
1024,140729086,32768,2212783648,False,240,0.2887484110860059,0.40665799274861764,0.35395157493481305,0.052706417813804585,-0.06520316384880714,0.11790958166261173,e9f1f005be1a58ee736a09cb711d5be87457b9875d1e26dab56c03ccdca61d8d
1024,140729086,32768,2212783648,False,360,0.2997544727953052,0.41235578124947464,0.36490428643420936,0.04745149481526528,-0.06514981363890415,0.11260130845416944,e9f1f005be1a58ee736a09cb711d5be87457b9875d1e26dab56c03ccdca61d8d
1024,140729086,32768,2212783648,False,540,0.31219320922334753,0.4165769175166637,0.3754893614486357,0.041087556068028,-0.06329615222528817,0.10438370829331617,e9f1f005be1a58ee736a09cb711d5be87457b9875d1e26dab56c03ccdca61d8d
1024,140729086,32768,2212783648,False,720,0.321653917206547,0.41861935436091674,0.3825053261883548,0.03611402817256193,-0.0608514089818078,0.09696543715436973,e9f1f005be1a58ee736a09cb711d5be87457b9875d1e26dab56c03ccdca61d8d
1024,140729086,32768,2212783648,False,1080,0.33548732575009493,0.4201728391762823,0.3913744788039144,0.02879836037236788,-0.05588715305381947,0.08468551342618735,e9f1f005be1a58ee736a09cb711d5be87457b9875d1e26dab56c03ccdca61d8d
1024,140729086,32768,2212783648,False,1440,0.3453743478449583,0.42038824552026416,0.39678720591285016,0.023601039607414,-0.051412858067891865,0.07501389767530586,e9f1f005be1a58ee736a09cb711d5be87457b9875d1e26dab56c03ccdca61d8d
1024,140729086,32768,2212783648,False,2160,0.35893738069254255,0.41956176688299723,0.4030127794444434,0.01654898743855382,-0.04407539875190086,0.06062438619045468,e9f1f005be1a58ee736a09cb711d5be87457b9875d1e26dab56c03ccdca61d8d
1024,140729086,32768,2212783648,False,3240,0.37151825748365946,0.4175609370140041,0.4075123215038653,0.010048615510138803,-0.03599406402020583,0.04604267953034463,e9f1f005be1a58ee736a09cb711d5be87457b9875d1e26dab56c03ccdca61d8d
1024,373077418,32768,1237722080,False,60,0.2658784369303321,0.3806380123368017,0.32112091413940225,0.059517098197399476,-0.05524247720907016,0.11475957540646964,e9f1f005be1a58ee736a09cb711d5be87457b9875d1e26dab56c03ccdca61d8d
1024,373077418,32768,1237722080,False,90,0.2702444851164252,0.38889108875112166,0.32956044748159496,0.059330641269526696,-0.05931596236516978,0.11864660363469648,e9f1f005be1a58ee736a09cb711d5be87457b9875d1e26dab56c03ccdca61d8d
1024,373077418,32768,1237722080,False,120,0.27458868455051333,0.39462977662756116,0.33632779933087026,0.0583019772966909,-0.06173911478035693,0.12004109207704783,e9f1f005be1a58ee736a09cb711d5be87457b9875d1e26dab56c03ccdca61d8d
1024,373077418,32768,1237722080,False,180,0.28244055992328077,0.40219312788028255,0.34666710000959294,0.05552602787068961,-0.06422654008631218,0.11975256795700179,e9f1f005be1a58ee736a09cb711d5be87457b9875d1e26dab56c03ccdca61d8d
1024,373077418,32768,1237722080,False,240,0.2891796566183847,0.4069796264834624,0.35434676546489147,0.05263286101857095,-0.06516710884650678,0.11779996986507774,e9f1f005be1a58ee736a09cb711d5be87457b9875d1e26dab56c03ccdca61d8d
1024,373077418,32768,1237722080,False,360,0.3001536162336901,0.41264174174342233,0.36526046586351973,0.047381275879902596,-0.06510684962982966,0.11248812550973225,e9f1f005be1a58ee736a09cb711d5be87457b9875d1e26dab56c03ccdca61d8d
1024,373077418,32768,1237722080,False,540,0.31255620758696334,0.4168310976152414,0.3758061310543353,0.041024966560906095,-0.06324992346737196,0.10427489002827806,e9f1f005be1a58ee736a09cb711d5be87457b9875d1e26dab56c03ccdca61d8d
1024,373077418,32768,1237722080,False,720,0.32199125142125046,0.41885457306605767,0.38279606803809246,0.036058505027965204,-0.060804816616842006,0.09686332164480721,e9f1f005be1a58ee736a09cb711d5be87457b9875d1e26dab56c03ccdca61d8d
1024,373077418,32768,1237722080,False,1080,0.33579073748527544,0.4203869759622427,0.3916330898953554,0.028753886066887335,-0.055842352410079954,0.08459623847696729,e9f1f005be1a58ee736a09cb711d5be87457b9875d1e26dab56c03ccdca61d8d
1024,373077418,32768,1237722080,False,1440,0.3456561093536184,0.4205912998038122,0.3970267851440696,0.02356451465974263,-0.05137067579045118,0.07493519045019381,e9f1f005be1a58ee736a09cb711d5be87457b9875d1e26dab56c03ccdca61d8d
1024,373077418,32768,1237722080,False,2160,0.3591925962952483,0.4197539686006147,0.40323095961436944,0.016523008986245258,-0.04403836331912114,0.0605613723053664,e9f1f005be1a58ee736a09cb711d5be87457b9875d1e26dab56c03ccdca61d8d
1024,373077418,32768,1237722080,False,3240,0.3717516335724917,0.41774675540902967,0.4077149915057768,0.010031763903252888,-0.03596335793328509,0.04599512183653798,e9f1f005be1a58ee736a09cb711d5be87457b9875d1e26dab56c03ccdca61d8d
1024,373077418,32768,2212783648,False,60,0.26554122885247994,0.38034269601008397,0.3207849011361628,0.059557794873921155,-0.055243672283682876,0.11480146715760403,e9f1f005be1a58ee736a09cb711d5be87457b9875d1e26dab56c03ccdca61d8d
1024,373077418,32768,2212783648,False,90,0.2698828690742081,0.3886053741902494,0.329216573594299,0.059388800595950364,-0.0593337045200909,0.11872250511604127,e9f1f005be1a58ee736a09cb711d5be87457b9875d1e26dab56c03ccdca61d8d
1024,373077418,32768,2212783648,False,120,0.2742221313251259,0.3943591399860262,0.3359898364813145,0.0583693035047117,-0.06176770515618857,0.12013700866090027,e9f1f005be1a58ee736a09cb711d5be87457b9875d1e26dab56c03ccdca61d8d
1024,373077418,32768,2212783648,False,180,0.2820821742261377,0.401951574920552,0.3463503714371337,0.05560120348341829,-0.06426819721099603,0.11986940069441432,e9f1f005be1a58ee736a09cb711d5be87457b9875d1e26dab56c03ccdca61d8d
1024,373077418,32768,2212783648,False,240,0.28883562562053394,0.4067617918708935,0.3540516893440005,0.05271010252689301,-0.06521606372346656,0.11792616625035957,e9f1f005be1a58ee736a09cb711d5be87457b9875d1e26dab56c03ccdca61d8d
1024,373077418,32768,2212783648,False,360,0.2998381989598463,0.4124583327657388,0.36500120209397774,0.04745713067176105,-0.06516300313413143,0.11262013380589248,e9f1f005be1a58ee736a09cb711d5be87457b9875d1e26dab56c03ccdca61d8d
1024,373077418,32768,2212783648,False,540,0.31227534256914785,0.41668046898069155,0.37558497103726907,0.04109549794342249,-0.06330962846812122,0.1044051264115437,e9f1f005be1a58ee736a09cb711d5be87457b9875d1e26dab56c03ccdca61d8d
1024,373077418,32768,2212783648,False,720,0.3217366000894477,0.41872514148861134,0.3826015435668022,0.036123597921809136,-0.060864943477354494,0.09698854139916363,e9f1f005be1a58ee736a09cb711d5be87457b9875d1e26dab56c03ccdca61d8d
1024,373077418,32768,2212783648,False,1080,0.3355734227005508,0.42028383246330436,0.3914738667015769,0.028809965761727452,-0.05590044400102612,0.08471040976275357,e9f1f005be1a58ee736a09cb711d5be87457b9875d1e26dab56c03ccdca61d8d
1024,373077418,32768,2212783648,False,1440,0.3454646094400177,0.4205041712612733,0.39689035884986246,0.02361381241141086,-0.051425749409844734,0.0750395618212556,e9f1f005be1a58ee736a09cb711d5be87457b9875d1e26dab56c03ccdca61d8d
1024,373077418,32768,2212783648,False,2160,0.35903538881766955,0.41968589261805184,0.40312292531647587,0.01656296730157597,-0.04408753649880631,0.06065050380038228,e9f1f005be1a58ee736a09cb711d5be87457b9875d1e26dab56c03ccdca61d8d
1024,373077418,32768,2212783648,False,3240,0.37162530637127583,0.41769408930770774,0.4076307641419734,0.010063325165734327,-0.03600545777069758,0.04606878293643191,e9f1f005be1a58ee736a09cb711d5be87457b9875d1e26dab56c03ccdca61d8d
1024,373077418,131072,306787219,False,60,0.26579498907754695,0.38055058984907997,0.3210254072947853,0.059525182554294676,-0.05523041821723834,0.11475560077153302,e9f1f005be1a58ee736a09cb711d5be87457b9875d1e26dab56c03ccdca61d8d
1024,373077418,131072,306787219,False,90,0.27014397560073483,0.3888042051906602,0.32945526619799775,0.05934893899266247,-0.05931129059726292,0.11866022958992539,e9f1f005be1a58ee736a09cb711d5be87457b9875d1e26dab56c03ccdca61d8d
1024,373077418,131072,306787219,False,120,0.27447819581468985,0.3945460359013375,0.3362187214117542,0.05832731448958334,-0.06174052559706433,0.12006784008664767,e9f1f005be1a58ee736a09cb711d5be87457b9875d1e26dab56c03ccdca61d8d
1024,373077418,131072,306787219,False,180,0.28231927187690287,0.4021170584553259,0.34655667350481995,0.05556038495050597,-0.06423740162791708,0.11979778657842305,e9f1f005be1a58ee736a09cb711d5be87457b9875d1e26dab56c03ccdca61d8d
1024,373077418,131072,306787219,False,240,0.2890532247461544,0.40691084541679423,0.35423823555261075,0.052672609864183484,-0.06518501080645633,0.11785762067063982,e9f1f005be1a58ee736a09cb711d5be87457b9875d1e26dab56c03ccdca61d8d
1024,373077418,131072,306787219,False,360,0.30002393417764045,0.4125851545480836,0.36515846323358647,0.047426691314497116,-0.06513452905594602,0.11256122037044314,e9f1f005be1a58ee736a09cb711d5be87457b9875d1e26dab56c03ccdca61d8d
1024,373077418,131072,306787219,False,540,0.3124285404048662,0.41678824055820385,0.37571487444133506,0.04107336611686879,-0.06328633403646888,0.10435970015333768,e9f1f005be1a58ee736a09cb711d5be87457b9875d1e26dab56c03ccdca61d8d
1024,373077418,131072,306787219,False,720,0.32186844967175754,0.4188219944605687,0.382714696294641,0.036107298165927726,-0.06084624662288346,0.09695354478881119,e9f1f005be1a58ee736a09cb711d5be87457b9875d1e26dab56c03ccdca61d8d
1024,373077418,131072,306787219,False,1080,0.3356795669122279,0.4203691270370129,0.39156815208845436,0.028800974948558544,-0.05588858517622647,0.08468956012478501,e9f1f005be1a58ee736a09cb711d5be87457b9875d1e26dab56c03ccdca61d8d
1024,373077418,131072,306787219,False,1440,0.345556215354565,0.4205837833272202,0.3969747035513159,0.023609079775904263,-0.05141848819675093,0.0750275679726552,e9f1f005be1a58ee736a09cb711d5be87457b9875d1e26dab56c03ccdca61d8d
1024,373077418,131072,306787219,False,2160,0.3591118164587796,0.4197604818007323,0.4031976501647895,0.0165628316359428,-0.04408583370600988,0.06064866534195268,e9f1f005be1a58ee736a09cb711d5be87457b9875d1e26dab56c03ccdca61d8d
1024,373077418,131072,306787219,False,3240,0.3716921460549534,0.4177664120450904,0.40770006501321837,0.010066347031872036,-0.036007918958264995,0.04607426599013703,e9f1f005be1a58ee736a09cb711d5be87457b9875d1e26dab56c03ccdca61d8d
2048,140729086,32768,1237722080,False,60,0.2702800838575303,0.3872440887756888,0.32697460307841053,0.06026948569727825,-0.05669451922088026,0.1169640049181585,e9f1f005be1a58ee736a09cb711d5be87457b9875d1e26dab56c03ccdca61d8d
2048,140729086,32768,1237722080,False,90,0.2751563707009682,0.395753397709779,0.33584258432060443,0.05991081338917459,-0.06068621361963622,0.12059702700881081,e9f1f005be1a58ee736a09cb711d5be87457b9875d1e26dab56c03ccdca61d8d
2048,140729086,32768,1237722080,False,120,0.2798716449846204,0.4016592035465008,0.3428937720311474,0.058765431515353406,-0.06302212704652699,0.1217875585618804,e9f1f005be1a58ee736a09cb711d5be87457b9875d1e26dab56c03ccdca61d8d
2048,140729086,32768,1237722080,False,180,0.288249923925816,0.40944905289034156,0.3535999290654229,0.055849123824918634,-0.06535000513960693,0.12119912896452556,e9f1f005be1a58ee736a09cb711d5be87457b9875d1e26dab56c03ccdca61d8d
2048,140729086,32768,1237722080,False,240,0.2953584751150821,0.41439913160954045,0.3615158308510095,0.05288330075853093,-0.0661573557359274,0.11904065649445833,e9f1f005be1a58ee736a09cb711d5be87457b9875d1e26dab56c03ccdca61d8d
2048,140729086,32768,1237722080,False,360,0.30683717515472086,0.42031183553294665,0.37273232717743215,0.0475795083555145,-0.06589515202271129,0.11347466037822579,e9f1f005be1a58ee736a09cb711d5be87457b9875d1e26dab56c03ccdca61d8d
2048,140729086,32768,1237722080,False,540,0.31971440793088063,0.42479281664011564,0.3835551030046792,0.041237713635436435,-0.06384069507379858,0.10507840870923502,e9f1f005be1a58ee736a09cb711d5be87457b9875d1e26dab56c03ccdca61d8d
2048,140729086,32768,1237722080,False,720,0.329461890469057,0.4270567654240694,0.39073403195606327,0.03632273346800613,-0.06127214148700627,0.0975948749550124,e9f1f005be1a58ee736a09cb711d5be87457b9875d1e26dab56c03ccdca61d8d
2048,140729086,32768,1237722080,False,1080,0.34366133110698144,0.4289833922950412,0.3998396175134674,0.02914377478157376,-0.05617828640648598,0.08532206118805974,e9f1f005be1a58ee736a09cb711d5be87457b9875d1e26dab56c03ccdca61d8d
2048,140729086,32768,1237722080,False,1440,0.35378024711357053,0.42950924485994324,0.4054337510599653,0.02407549379997792,-0.051653503946394785,0.0757289977463727,e9f1f005be1a58ee736a09cb711d5be87457b9875d1e26dab56c03ccdca61d8d
2048,140729086,32768,1237722080,False,2160,0.3676340590328437,0.4291852054264977,0.41194662653469155,0.017238578891806133,-0.044312567501847866,0.061551146393654,e9f1f005be1a58ee736a09cb711d5be87457b9875d1e26dab56c03ccdca61d8d
2048,140729086,32768,1237722080,False,3240,0.38047387848245207,0.4277611717284387,0.41678226870970575,0.010978903018732944,-0.036308390227253684,0.04728729324598663,e9f1f005be1a58ee736a09cb711d5be87457b9875d1e26dab56c03ccdca61d8d
2048,140729086,32768,2212783648,False,60,0.2699472398875998,0.38696127782844253,0.3266473159368471,0.060313961891595436,-0.05670007604924732,0.11701403794084275,e9f1f005be1a58ee736a09cb711d5be87457b9875d1e26dab56c03ccdca61d8d
2048,140729086,32768,2212783648,False,90,0.2748010507339891,0.39548146744106294,0.3355095153618252,0.05997195207923772,-0.060708464627836134,0.12068041670707386,e9f1f005be1a58ee736a09cb711d5be87457b9875d1e26dab56c03ccdca61d8d
2048,140729086,32768,2212783648,False,120,0.27951276516633466,0.4014028944085446,0.34256788445268077,0.058835009955863826,-0.0630551192863461,0.12189012924220993,e9f1f005be1a58ee736a09cb711d5be87457b9875d1e26dab56c03ccdca61d8d
2048,140729086,32768,2212783648,False,180,0.28790107339871296,0.4092220943528023,0.3532966849130405,0.05592540943976182,-0.06539561151432755,0.12132102095408936,e9f1f005be1a58ee736a09cb711d5be87457b9875d1e26dab56c03ccdca61d8d
2048,140729086,32768,2212783648,False,240,0.29502519653668774,0.41419576983802303,0.3612349408929431,0.05296082894507992,-0.06620974435625537,0.11917057330133529,e9f1f005be1a58ee736a09cb711d5be87457b9875d1e26dab56c03ccdca61d8d
2048,140729086,32768,2212783648,False,360,0.30653401685304926,0.42014238223453537,0.37248781631343336,0.04765456592110201,-0.0659537994603841,0.11360836538148611,e9f1f005be1a58ee736a09cb711d5be87457b9875d1e26dab56c03ccdca61d8d
2048,140729086,32768,2212783648,False,540,0.3194469997261598,0.424655327855168,0.3833488012408505,0.041306526614317496,-0.06390180151469071,0.10520832812900821,e9f1f005be1a58ee736a09cb711d5be87457b9875d1e26dab56c03ccdca61d8d
2048,140729086,32768,2212783648,False,720,0.3292213241872139,0.42693976376128295,0.39055419128105556,0.03638557248022739,-0.06133286709384167,0.09771843957406906,e9f1f005be1a58ee736a09cb711d5be87457b9875d1e26dab56c03ccdca61d8d
2048,140729086,32768,2212783648,False,1080,0.3434586375611515,0.42889153397182694,0.39969453135221616,0.02919700261961078,-0.05623589379106464,0.08543289641067542,e9f1f005be1a58ee736a09cb711d5be87457b9875d1e26dab56c03ccdca61d8d
2048,140729086,32768,2212783648,False,1440,0.3536034895403505,0.42943249550456625,0.40531089301870143,0.024121602485864813,-0.051707403478350955,0.07582900596421577,e9f1f005be1a58ee736a09cb711d5be87457b9875d1e26dab56c03ccdca61d8d
2048,140729086,32768,2212783648,False,2160,0.3674914061839452,0.4291260905400261,0.4118511520804776,0.017274938459548472,-0.04435974589653241,0.06163468435608088,e9f1f005be1a58ee736a09cb711d5be87457b9875d1e26dab56c03ccdca61d8d
2048,140729086,32768,2212783648,False,3240,0.3803615398785861,0.4277158521796321,0.416709396328105,0.011006455851527097,-0.03634785644951888,0.047354312301045975,e9f1f005be1a58ee736a09cb711d5be87457b9875d1e26dab56c03ccdca61d8d
2048,373077418,32768,1237722080,False,60,0.27041959806536503,0.3874528878602965,0.32716085160464814,0.060292036255648385,-0.05674125353928311,0.1170332897949315,e9f1f005be1a58ee736a09cb711d5be87457b9875d1e26dab56c03ccdca61d8d
2048,373077418,32768,1237722080,False,90,0.27531327647726644,0.3959702205995405,0.33604306239169146,0.05992715820784905,-0.060729785914425016,0.12065694412227407,e9f1f005be1a58ee736a09cb711d5be87457b9875d1e26dab56c03ccdca61d8d
2048,373077418,32768,1237722080,False,120,0.2800413123471696,0.40188117346806335,0.34310370757202985,0.0587774658960335,-0.06306239522486023,0.12183986112089373,e9f1f005be1a58ee736a09cb711d5be87457b9875d1e26dab56c03ccdca61d8d
2048,373077418,32768,1237722080,False,180,0.2884377452374106,0.40967778060139176,0.35382202077400854,0.05585575982738322,-0.06538427553659792,0.12124003536398115,e9f1f005be1a58ee736a09cb711d5be87457b9875d1e26dab56c03ccdca61d8d
2048,373077418,32768,1237722080,False,240,0.2955589809659265,0.41463253150682744,0.3617456112242183,0.05288692028260916,-0.0661866302582918,0.11907355054090096,e9f1f005be1a58ee736a09cb711d5be87457b9875d1e26dab56c03ccdca61d8d
2048,373077418,32768,1237722080,False,360,0.30705476191691167,0.4205520591595881,0.37297160888968695,0.04758045026990115,-0.06591684697277528,0.11349729724267643,e9f1f005be1a58ee736a09cb711d5be87457b9875d1e26dab56c03ccdca61d8d
2048,373077418,32768,1237722080,False,540,0.31994756870864144,0.4250406126568171,0.3838025046362739,0.041238108020543174,-0.06385493592763247,0.10509304394817565,e9f1f005be1a58ee736a09cb711d5be87457b9875d1e26dab56c03ccdca61d8d
2048,373077418,32768,1237722080,False,720,0.3297048974672082,0.42731062678714854,0.39098656432315987,0.03632406246398867,-0.061281666855951655,0.09760572931994033,e9f1f005be1a58ee736a09cb711d5be87457b9875d1e26dab56c03ccdca61d8d
2048,373077418,32768,1237722080,False,1080,0.343916261515967,0.42924700597387133,0.4000988904928067,0.029148115481064607,-0.05618262897683973,0.08533074445790434,e9f1f005be1a58ee736a09cb711d5be87457b9875d1e26dab56c03ccdca61d8d
2048,373077418,32768,1237722080,False,1440,0.35404220816725906,0.42978070797505424,0.40569773944479137,0.02408296853026287,-0.05165553127753231,0.07573849980779518,e9f1f005be1a58ee736a09cb711d5be87457b9875d1e26dab56c03ccdca61d8d
2048,373077418,32768,1237722080,False,2160,0.3679040681630273,0.429469075812641,0.4122176028668472,0.017251472945793767,-0.044313534703819935,0.0615650076496137,e9f1f005be1a58ee736a09cb711d5be87457b9875d1e26dab56c03ccdca61d8d
2048,373077418,32768,1237722080,False,3240,0.38075021027138817,0.42805899559837896,0.417061078344337,0.010997917254041978,-0.03631086807294881,0.04730878532699079,e9f1f005be1a58ee736a09cb711d5be87457b9875d1e26dab56c03ccdca61d8d
2048,373077418,32768,2212783648,False,60,0.2700843901610508,0.38716779766141196,0.32683104746514363,0.06033675019626833,-0.05674665730409284,0.11708340750036117,e9f1f005be1a58ee736a09cb711d5be87457b9875d1e26dab56c03ccdca61d8d
2048,373077418,32768,2212783648,False,90,0.2749556444702532,0.39569621131839855,0.335707596434546,0.05998861488385254,-0.06075195196429278,0.12074056684814533,e9f1f005be1a58ee736a09cb711d5be87457b9875d1e26dab56c03ccdca61d8d
2048,373077418,32768,2212783648,False,120,0.27968019641532177,0.4016229510164121,0.34277554343675215,0.05884740757965995,-0.06309534702143038,0.12194275460109033,e9f1f005be1a58ee736a09cb711d5be87457b9875d1e26dab56c03ccdca61d8d
2048,373077418,32768,2212783648,False,180,0.288086805882551,0.40944916335377585,0.3535167037689838,0.05593245958479204,-0.06542989788643283,0.12136235747122487,e9f1f005be1a58ee736a09cb711d5be87457b9875d1e26dab56c03ccdca61d8d
2048,373077418,32768,2212783648,False,240,0.29522373347647796,0.41442769980520006,0.36146280537664294,0.05296489442855712,-0.06623907190016498,0.1192039663287221,e9f1f005be1a58ee736a09cb711d5be87457b9875d1e26dab56c03ccdca61d8d
2048,373077418,32768,2212783648,False,360,0.306749802199575,0.4203814066080031,0.37272540327748954,0.04765600333051356,-0.06597560107791456,0.11363160440842812,e9f1f005be1a58ee736a09cb711d5be87457b9875d1e26dab56c03ccdca61d8d
2048,373077418,32768,2212783648,False,540,0.31967850075749177,0.42490220043579807,0.38359471443736887,0.041307485998429205,-0.0639162136798771,0.1052236996783063,e9f1f005be1a58ee736a09cb711d5be87457b9875d1e26dab56c03ccdca61d8d
2048,373077418,32768,2212783648,False,720,0.32946274702695366,0.42719290573864427,0.39080536920785436,0.03638753653078991,-0.0613426221809007,0.0977301587116906,e9f1f005be1a58ee736a09cb711d5be87457b9875d1e26dab56c03ccdca61d8d
2048,373077418,32768,2212783648,False,1080,0.34371205388737974,0.42915474344634785,0.39995262655944086,0.029202116886906992,-0.05624057267206112,0.08544268955896811,e9f1f005be1a58ee736a09cb711d5be87457b9875d1e26dab56c03ccdca61d8d
2048,373077418,32768,2212783648,False,1440,0.3538639666864241,0.42970381184766127,0.4055738292074255,0.024129982640235748,-0.051709862521001404,0.07583984516123715,e9f1f005be1a58ee736a09cb711d5be87457b9875d1e26dab56c03ccdca61d8d
2048,373077418,32768,2212783648,False,2160,0.36775996516295906,0.429410251699467,0.4121212740988294,0.01728897760063758,-0.04436130893587037,0.06165028653650795,e9f1f005be1a58ee736a09cb711d5be87457b9875d1e26dab56c03ccdca61d8d
2048,373077418,32768,2212783648,False,3240,0.3806364727328674,0.4280145264263536,0.4169876028154124,0.011026923610941208,-0.036351130082545036,0.047378053693486244,e9f1f005be1a58ee736a09cb711d5be87457b9875d1e26dab56c03ccdca61d8d
2048,373077418,131072,306787219,False,60,0.2703295761661113,0.38736088051785905,0.3270592416207631,0.060301638897095944,-0.0567296654546518,0.11703130435174774,e9f1f005be1a58ee736a09cb711d5be87457b9875d1e26dab56c03ccdca61d8d
2048,373077418,131072,306787219,False,90,0.2752066509250691,0.3958795015810566,0.33593254875193107,0.059946952829125544,-0.060725897826861996,0.12067285065598754,e9f1f005be1a58ee736a09cb711d5be87457b9875d1e26dab56c03ccdca61d8d
2048,373077418,131072,306787219,False,120,0.279925180781181,0.4017941010441619,0.3429899311949674,0.05880416984919451,-0.0630647504137864,0.1218689202629809,e9f1f005be1a58ee736a09cb711d5be87457b9875d1e26dab56c03ccdca61d8d
2048,373077418,131072,306787219,False,180,0.28831166620618964,0.4095990065870734,0.353707851651792,0.05589115493528135,-0.06539618544560238,0.12128734038088373,e9f1f005be1a58ee736a09cb711d5be87457b9875d1e26dab56c03ccdca61d8d
2048,373077418,131072,306787219,False,240,0.2954284593664253,0.41456140834860983,0.36163401205536877,0.05292739629324106,-0.06620555268894346,0.11913294898218452,e9f1f005be1a58ee736a09cb711d5be87457b9875d1e26dab56c03ccdca61d8d
2048,373077418,131072,306787219,False,360,0.30692202805859164,0.42049349587143753,0.3728673900595169,0.047626105811920616,-0.06594536200092527,0.11357146781284588,e9f1f005be1a58ee736a09cb711d5be87457b9875d1e26dab56c03ccdca61d8d
2048,373077418,131072,306787219,False,540,0.3198178133285618,0.4249959598576359,0.38370967074926354,0.04128628910837234,-0.06389185742070175,0.10517814652907409,e9f1f005be1a58ee736a09cb711d5be87457b9875d1e26dab56c03ccdca61d8d
2048,373077418,131072,306787219,False,720,0.3295805627759514,0.42727627200823415,0.39090389146379373,0.03637238054444042,-0.06132332868784235,0.09769570923228277,e9f1f005be1a58ee736a09cb711d5be87457b9875d1e26dab56c03ccdca61d8d
2048,373077418,131072,306787219,False,1080,0.343804065008349,0.4292272864755588,0.40003276441806984,0.02919452205748896,-0.05622869940972086,0.08542322146720982,e9f1f005be1a58ee736a09cb711d5be87457b9875d1e26dab56c03ccdca61d8d
2048,373077418,131072,306787219,False,1440,0.35394141998840695,0.42977120038069605,0.4056443652250148,0.02412683515568126,-0.051702945236607845,0.0758297803922891,e9f1f005be1a58ee736a09cb711d5be87457b9875d1e26dab56c03ccdca61d8d
2048,373077418,131072,306787219,False,2160,0.36782226104531807,0.42947341904171793,0.41218265352891614,0.017290765512801787,-0.04436039248359808,0.061651157996399863,e9f1f005be1a58ee736a09cb711d5be87457b9875d1e26dab56c03ccdca61d8d
2048,373077418,131072,306787219,False,3240,0.3806892547289435,0.42807637744240756,0.41704403561810094,0.011032341824306624,-0.036354780889157445,0.04738712271346407,e9f1f005be1a58ee736a09cb711d5be87457b9875d1e26dab56c03ccdca61d8d
4096,373077418,32768,1237722080,True,60,0.2734995533006152,0.39198606228755356,0.33122174045731073,0.06076432183024283,-0.057722187156695526,0.11848650898693835,e9f1f005be1a58ee736a09cb711d5be87457b9875d1e26dab56c03ccdca61d8d
4096,373077418,32768,1237722080,True,90,0.27875363983203516,0.4006742517454532,0.34039703316520076,0.06027721858025242,-0.0616433933331656,0.12192061191341802,e9f1f005be1a58ee736a09cb711d5be87457b9875d1e26dab56c03ccdca61d8d
4096,373077418,32768,1237722080,True,120,0.2837429943606557,0.406696923626476,0.3476508640458465,0.05904605958062953,-0.0639078696851908,0.12295392926582033,e9f1f005be1a58ee736a09cb711d5be87457b9875d1e26dab56c03ccdca61d8d
4096,373077418,32768,1237722080,True,180,0.29250818203244283,0.4146457338444,0.3586172084220995,0.056028525422300524,-0.06610902638965666,0.12213755181195718,e9f1f005be1a58ee736a09cb711d5be87457b9875d1e26dab56c03ccdca61d8d
4096,373077418,32768,1237722080,True,240,0.29988618290080593,0.4197111404769505,0.3666991373779108,0.053012003099039695,-0.06681295447710489,0.11982495757614459,e9f1f005be1a58ee736a09cb711d5be87457b9875d1e26dab56c03ccdca61d8d
4096,373077418,32768,1237722080,True,360,0.31172872969264925,0.42580134050510715,0.37812594476790506,0.047675395737202086,-0.06639721507525581,0.1140726108124579,e9f1f005be1a58ee736a09cb711d5be87457b9875d1e26dab56c03ccdca61d8d
4096,373077418,32768,1237722080,True,540,0.32494173246269253,0.4304899544208733,0.3891382598466991,0.0413516945741742,-0.06419652738400655,0.10554822195818075,e9f1f005be1a58ee736a09cb711d5be87457b9875d1e26dab56c03ccdca61d8d
4096,373077418,32768,1237722080,True,720,0.33490573720991335,0.43292591373608835,0.39644505097254923,0.036480862763539124,-0.06153931376263588,0.098020176526175,e9f1f005be1a58ee736a09cb711d5be87457b9875d1e26dab56c03ccdca61d8d
4096,373077418,32768,1237722080,True,1080,0.3493758165938122,0.435136160240599,0.40573159622909605,0.02940456401150293,-0.05635577963528382,0.08576034364678675,e9f1f005be1a58ee736a09cb711d5be87457b9875d1e26dab56c03ccdca61d8d
4096,373077418,32768,1237722080,True,1440,0.3596619771678135,0.4358949610740669,0.4114613492340549,0.02443361184001197,-0.05179937206624141,0.07623298390625338,e9f1f005be1a58ee736a09cb711d5be87457b9875d1e26dab56c03ccdca61d8d
4096,373077418,32768,1237722080,True,2160,0.3737204415406847,0.4359460877614573,0.418185705114341,0.017760382647116324,-0.04446526357365632,0.062225646220772646,e9f1f005be1a58ee736a09cb711d5be87457b9875d1e26dab56c03ccdca61d8d
4096,373077418,32768,1237722080,True,3240,0.38673868330127886,0.4349534309298849,0.42326709975468896,0.011686331175195963,-0.036528416453410095,0.04821474762860606,e9f1f005be1a58ee736a09cb711d5be87457b9875d1e26dab56c03ccdca61d8d
4096,373077418,131072,306787219,False,60,0.2734120011509527,0.3918997552268732,0.3311242626347686,0.06077549259210463,-0.05771226148381586,0.11848775407592049,e9f1f005be1a58ee736a09cb711d5be87457b9875d1e26dab56c03ccdca61d8d
4096,373077418,131072,306787219,False,90,0.2786501231925,0.40058984251404056,0.3402914043372932,0.06029843817674735,-0.061641281144793225,0.12193971932154057,e9f1f005be1a58ee736a09cb711d5be87457b9875d1e26dab56c03ccdca61d8d
4096,373077418,131072,306787219,False,120,0.28363045636157913,0.40661654774167183,0.3475424928568201,0.059074054884851734,-0.06391203649524096,0.1229860913800927,e9f1f005be1a58ee736a09cb711d5be87457b9875d1e26dab56c03ccdca61d8d
4096,373077418,131072,306787219,False,180,0.29238642458323344,0.4145741533376179,0.35850914729741085,0.05606500604020703,-0.0661227227141774,0.12218772875438444,e9f1f005be1a58ee736a09cb711d5be87457b9875d1e26dab56c03ccdca61d8d
4096,373077418,131072,306787219,False,240,0.29976052812197795,0.4196475457221271,0.36659411711651957,0.05305342860560752,-0.06683358899454162,0.11988701760014914,e9f1f005be1a58ee736a09cb711d5be87457b9875d1e26dab56c03ccdca61d8d
4096,373077418,131072,306787219,False,360,0.3116016545617919,0.4257507838804005,0.3780289202243161,0.047721863656084385,-0.06642726566252422,0.1141491293186086,e9f1f005be1a58ee736a09cb711d5be87457b9875d1e26dab56c03ccdca61d8d
4096,373077418,131072,306787219,False,540,0.3248184179756786,0.4304538339642657,0.3890531707153045,0.04140066324896119,-0.06423475273962587,0.10563541598858706,e9f1f005be1a58ee736a09cb711d5be87457b9875d1e26dab56c03ccdca61d8d
4096,373077418,131072,306787219,False,720,0.33478836358996455,0.43290051912862565,0.3963704737543815,0.03653004537424415,-0.06158211016441695,0.0981121555386611,e9f1f005be1a58ee736a09cb711d5be87457b9875d1e26dab56c03ccdca61d8d
4096,373077418,131072,306787219,False,1080,0.3492712262605474,0.435126121607414,0.4056740176662523,0.02945210394116171,-0.056402791405704866,0.08585489534686658,e9f1f005be1a58ee736a09cb711d5be87457b9875d1e26dab56c03ccdca61d8d
4096,373077418,131072,306787219,False,1440,0.35956917454321424,0.4358957572979862,0.4114168317911912,0.02447892550679498,-0.051847657247976964,0.07632658275477194,e9f1f005be1a58ee736a09cb711d5be87457b9875d1e26dab56c03ccdca61d8d
4096,373077418,131072,306787219,False,2160,0.3736470429823448,0.43596181817113117,0.4181600788681731,0.017801739302958086,-0.04451303588582828,0.062314775188786364,e9f1f005be1a58ee736a09cb711d5be87457b9875d1e26dab56c03ccdca61d8d
4096,373077418,131072,306787219,False,3240,0.3866864614232122,0.43498358320126607,0.4232599518649743,0.011723631336291784,-0.03657349044176206,0.04829712177805384,e9f1f005be1a58ee736a09cb711d5be87457b9875d1e26dab56c03ccdca61d8d
