environment,T,rank,projection_floor,production_mean_regret,floor_fraction,paired_fraction,floor_pass,paired_pass,forward_reference_available,certified
baseline,60,4096,0.0017771060534938,0.241253566721966,0.007366133805357729,0.0012619715700877949,True,True,False,False
baseline,90,4096,0.0017771060534938,0.2095275078442182,0.008481492820575436,0.0016602655354285947,True,True,False,False
baseline,120,4096,0.0017771060534938,0.1885772506026569,0.009423756300479025,0.0019409674717695935,True,True,False,False
baseline,180,4096,0.0017771060534938,0.1601338358173953,0.011097629956983478,0.0023587654381490098,True,True,False,False
baseline,240,4096,0.0017771060534938,0.1412907148249868,0.01257765632862043,0.002751297467958976,True,True,False,False
baseline,360,4096,0.0017771060534938,0.1168410940419333,0.015209597856521366,0.003232475642299717,True,True,False,False
baseline,540,4096,0.0017771060534938,0.0939199254917631,0.01892150195167749,0.0037492001696294124,True,True,False,False
baseline,720,4096,0.0017771060534938,0.0791141854136436,0.022462546308254474,0.004143920902116273,True,True,False,False
baseline,1080,4096,0.0017771060534938,0.0614973688785714,0.028897269686492685,0.004561687326892299,True,True,False,False
baseline,1440,4096,0.0017771060534938,0.0508438657875808,0.03495222139320253,0.004814426428363583,True,True,False,False
baseline,2160,4096,0.0017771060534938,0.0385506546597416,0.04609794747142465,0.005152433684256697,True,True,False,False
baseline,3240,4096,0.0017771060534938,0.02913122753903,0.06100347302951221,0.005389915690632383,False,True,False,False
baseline,4860,4096,0.0017771060534938,0.0222048923520771,0.08003218503905807,0.005560459808581345,False,True,False,False
N300,60,4096,0.0034043192833616,0.2414702765080553,0.014098295378595112,0.0009214716967323193,True,True,False,False
N300,90,4096,0.0034043192833616,0.2100071659935548,0.016210491043272685,0.0013135778470186406,True,True,False,False
N300,120,4096,0.0034043192833616,0.1894574558026692,0.017968779686915008,0.0015989618458036531,True,True,False,False
N300,180,4096,0.0034043192833616,0.1617396062286201,0.021048148704835908,0.0020002168036591496,True,True,False,False
N300,240,4096,0.0034043192833616,0.1433342850866784,0.02375090705830018,0.0023944546477010194,True,True,False,False
N300,360,4096,0.0034043192833616,0.1194980184922393,0.02848849986230266,0.002859940017311627,True,True,False,False
N300,540,4096,0.0034043192833616,0.0971122017150612,0.03505552570366265,0.003367456388139762,True,True,False,False
N300,720,4096,0.0034043192833616,0.0826631144812612,0.041183051288653315,0.0037513323611318263,True,True,False,False
N300,1080,4096,0.0034043192833616,0.0655199607829706,0.05195850612057177,0.004158959751331607,False,True,False,False
N300,1440,4096,0.0034043192833616,0.0551572921705979,0.0617202032476914,0.004395864412737572,False,True,False,False
N300,2160,4096,0.0034043192833616,0.0431620478683745,0.07887297872759177,0.004717586747847432,False,True,False,False
N300,3240,4096,0.0034043192833616,0.0339223091352488,0.10035635456856794,0.004985296043501776,False,True,False,False
N1200,60,4096,0.0009082278568284,0.2413567149434477,0.0037630105176116885,0.0014475295402954134,True,True,False,False
N1200,90,4096,0.0009082278568284,0.2092330266999814,0.004340748070000943,0.0018340619977899222,True,True,False,False
N1200,120,4096,0.0009082278568284,0.1881702923438196,0.004826627229599616,0.002122732004156443,True,True,False,False
N1200,180,4096,0.0009082278568284,0.159218970031723,0.005704269137323545,0.0025243403983552988,True,True,False,False
N1200,240,4096,0.0009082278568284,0.140103181657335,0.006482564107999686,0.0029153550844833068,True,True,False,False
N1200,360,4096,0.0009082278568284,0.1154647755961799,0.007865843519280595,0.0034136183578894028,True,True,False,False
N1200,540,4096,0.0009082278568284,0.0922396747826317,0.009846390492688673,0.003966413464927891,True,True,False,False
N1200,720,4096,0.0009082278568284,0.0772187061924623,0.011761759573706204,0.0043581371440765005,True,True,False,False
N1200,1080,4096,0.0009082278568284,0.0593537940229349,0.0153019343039377,0.004810842435103033,True,True,False,False
N1200,1440,4096,0.0009082278568284,0.0485675333444647,0.018700308504177136,0.005076397068141393,True,True,False,False
N1200,2160,4096,0.0009082278568284,0.0360564098055289,0.02518908182281454,0.005454683817198617,True,True,False,False
N1200,3240,4096,0.0009082278568284,0.0264665385381944,0.03431608011443271,0.005762997771570534,True,True,False,False
rho000,60,4096,0.0017771060534938,0.2396755081047707,0.00741463350822214,0.0012441457139356516,True,True,False,False
rho000,90,4096,0.0017771060534938,0.208783102236868,0.008511733154906583,0.0016451365227120717,True,True,False,False
rho000,120,4096,0.0017771060534938,0.1879193774024294,0.009456747239472419,0.0019317548817134758,True,True,False,False
rho000,180,4096,0.0017771060534938,0.1595263979943923,0.011139887039612523,0.002387873086990847,True,True,False,False
rho000,240,4096,0.0017771060534938,0.140796600206786,0.012621796626365901,0.0027813606350476756,True,True,False,False
rho000,360,4096,0.0017771060534938,0.1164946730108788,0.015254826744977822,0.0032474364660105256,True,True,False,False
rho000,540,4096,0.0017771060534938,0.0936508572188905,0.018975865317924036,0.00377749801092201,True,True,False,False
rho000,720,4096,0.0017771060534938,0.0788748385452197,0.022530709238472394,0.0041787598208031535,True,True,False,False
rho000,1080,4096,0.0017771060534938,0.0612783732033515,0.02900054228914492,0.004562627421795008,True,True,False,False
rho000,1440,4096,0.0017771060534938,0.0507458631950276,0.03501972262574365,0.004829843498518238,True,True,False,False
rho000,2160,4096,0.0017771060534938,0.0384182192167759,0.046256856505150025,0.005165636770817368,True,True,False,False
rho000,3240,4096,0.0017771060534938,0.0290373135328878,0.061200773669404414,0.005381175646046766,False,True,False,False
rho075,60,4096,0.0017771060534938,0.2404587046139089,0.00739048335283682,0.001279803598651672,True,True,False,False
rho075,90,4096,0.0017771060534938,0.2091335842510783,0.008497468543169373,0.001676203992223657,True,True,False,False
rho075,120,4096,0.0017771060534938,0.1882647573117594,0.009439398424161666,0.001965497548922753,True,True,False,False
rho075,180,4096,0.0017771060534938,0.15985460475324,0.01111701509153918,0.0023733591942449836,True,True,False,False
rho075,240,4096,0.0017771060534938,0.1410322586361825,0.012600706183669352,0.002748451090373832,True,True,False,False
rho075,360,4096,0.0017771060534938,0.1167196582047642,0.015225422013969392,0.003229782227301045,True,True,False,False
rho075,540,4096,0.0017771060534938,0.0937803496354393,0.018949663339943842,0.003758493386666812,True,True,False,False
rho075,720,4096,0.0017771060534938,0.0790138474798721,0.022491070997985488,0.004116053258253846,True,True,False,False
rho075,1080,4096,0.0017771060534938,0.0613877862919358,0.028948853849242798,0.0045054624047672,True,True,False,False
rho075,1440,4096,0.0017771060534938,0.0507738537296482,0.035000417005103174,0.004786558345140683,True,True,False,False
rho075,2160,4096,0.0017771060534938,0.0384982302304212,0.0461607207099493,0.005123820826153905,True,True,False,False
rho075,3240,4096,0.0017771060534938,0.0290921033951588,0.06108551277146661,0.005378771019095158,False,True,False,False
