group,factor,coefficient,se_hac12,r_squared,interpretation
1,alpha_monthly,0.01740589251925,0.001913331638516,0.1789626054701,"full-sample descriptive regression, not a deployed hedge"
1,Mkt-RF,0.1136598012692,0.03436077513481,0.1789626054701,"full-sample descriptive regression, not a deployed hedge"
1,SMB,0.01859962234588,0.03894463301852,0.1789626054701,"full-sample descriptive regression, not a deployed hedge"
1,HML,0.1612499824527,0.07396826872589,0.1789626054701,"full-sample descriptive regression, not a deployed hedge"
1,RMW,0.3129584977829,0.07966155819531,0.1789626054701,"full-sample descriptive regression, not a deployed hedge"
1,CMA,0.01722308038829,0.1050226734038,0.1789626054701,"full-sample descriptive regression, not a deployed hedge"
1,MOM,0.08770479641379,0.03300436686604,0.1789626054701,"full-sample descriptive regression, not a deployed hedge"
2,alpha_monthly,0.002960572002651,0.0006849000894447,0.07136293513643,"full-sample descriptive regression, not a deployed hedge"
2,Mkt-RF,-0.03463119884967,0.01963854037521,0.07136293513643,"full-sample descriptive regression, not a deployed hedge"
2,SMB,-0.006828976241072,0.01622031244937,0.07136293513643,"full-sample descriptive regression, not a deployed hedge"
2,HML,-0.1038007908999,0.04610140476329,0.07136293513643,"full-sample descriptive regression, not a deployed hedge"
2,RMW,-0.01930227936533,0.03018766077572,0.07136293513643,"full-sample descriptive regression, not a deployed hedge"
2,CMA,0.02421425709383,0.04798159092335,0.07136293513643,"full-sample descriptive regression, not a deployed hedge"
2,MOM,-0.0316363926917,0.03009880082631,0.07136293513643,"full-sample descriptive regression, not a deployed hedge"
3,alpha_monthly,0.0001062232052637,8.155418099194e-05,0.01832572492266,"full-sample descriptive regression, not a deployed hedge"
3,Mkt-RF,-0.001604742282092,0.003248235635121,0.01832572492266,"full-sample descriptive regression, not a deployed hedge"
3,SMB,0.0009377450780908,0.003810946158655,0.01832572492266,"full-sample descriptive regression, not a deployed hedge"
3,HML,-0.008197135297665,0.004287294562161,0.01832572492266,"full-sample descriptive regression, not a deployed hedge"
3,RMW,-0.003146167965902,0.00508386049303,0.01832572492266,"full-sample descriptive regression, not a deployed hedge"
3,CMA,0.003897492210744,0.006250515910954,0.01832572492266,"full-sample descriptive regression, not a deployed hedge"
3,MOM,-0.006641566590638,0.003233027226339,0.01832572492266,"full-sample descriptive regression, not a deployed hedge"
4,alpha_monthly,-1.417669103366e-05,4.443652565735e-05,0.04315032140675,"full-sample descriptive regression, not a deployed hedge"
4,Mkt-RF,0.002503231713454,0.001903858164089,0.04315032140675,"full-sample descriptive regression, not a deployed hedge"
4,SMB,0.0002472384479243,0.001617278589454,0.04315032140675,"full-sample descriptive regression, not a deployed hedge"
4,HML,0.004119190163479,0.002453518212365,0.04315032140675,"full-sample descriptive regression, not a deployed hedge"
4,RMW,-0.0008766685873261,0.001725614878736,0.04315032140675,"full-sample descriptive regression, not a deployed hedge"
4,CMA,0.001425840924904,0.002077547506037,0.04315032140675,"full-sample descriptive regression, not a deployed hedge"
4,MOM,0.001563199980084,0.00103690216922,0.04315032140675,"full-sample descriptive regression, not a deployed hedge"
