environment,quantity,window,T_first,T_last,theoretical_slope,OLS_slope,OLS_SE,bootstrap_low,bootstrap_high,bootstrap_draws,complexity_definition,interpretation
N300,oracle_lambda,full,60,1440,-0.6,-2.477871976929961,0.3512355307643756,-2.642129543536311,-2.279993608991011,1000,not applicable,Theory benchmark/envelope; no equality claimed for a fixed smooth target.
N300,oracle_lambda,upper_half,360,1440,-0.6,-0.6969384327695136,0.02368545283871136,-0.6969384327695134,-0.6969384327695134,1000,not applicable,Theory benchmark/envelope; no equality claimed for a fixed smooth target.
N300,oracle_lambda,largest_four,540,1440,-0.6,-0.7203905216742615,0.03584151806758738,-0.7203905216742613,-0.7203905216742613,1000,not applicable,Theory benchmark/envelope; no equality claimed for a fixed smooth target.
N300,oracle_complexity,full,60,1440,0.4,1.631434323351688,0.22546572445391044,1.491592310028528,1.7828164467745014,1000,population trace,Theory benchmark/envelope; no equality claimed for a fixed smooth target.
N300,oracle_complexity,upper_half,360,1440,0.4,0.44338524185066375,0.01558411483132894,0.4433852418506641,0.4433852418506641,1000,population trace,Theory benchmark/envelope; no equality claimed for a fixed smooth target.
N300,oracle_complexity,largest_four,540,1440,0.4,0.46008590241145453,0.022755732697865665,0.46008590241145486,0.46008590241145486,1000,population trace,Theory benchmark/envelope; no equality claimed for a fixed smooth target.
N300,oracle_regret,full,60,1440,-0.6,-0.45346882089562257,0.04884442434180811,-0.4777711346232591,-0.4308112428051973,1000,not applicable,Theory benchmark/envelope; no equality claimed for a fixed smooth target.
N300,oracle_regret,upper_half,360,1440,-0.6,-0.6299322178383697,0.020754257515963714,-0.6942336373622782,-0.5659782284096235,1000,not applicable,Theory benchmark/envelope; no equality claimed for a fixed smooth target.
N300,oracle_regret,largest_four,540,1440,-0.6,-0.6157081399203884,0.034536835846845505,-0.6913578179593567,-0.5414632426527748,1000,not applicable,Theory benchmark/envelope; no equality claimed for a fixed smooth target.
N300,oracle_sharpe_gap,full,60,1440,-0.6,-0.6631388164186689,0.04843092958712343,-0.6924275618526518,-0.6307049563273575,1000,not applicable,Theory benchmark/envelope; no equality claimed for a fixed smooth target.
N300,oracle_sharpe_gap,upper_half,360,1440,-0.6,-0.6709097514142222,0.02311528245633689,-0.7443696098209134,-0.6003247960410331,1000,not applicable,Theory benchmark/envelope; no equality claimed for a fixed smooth target.
N300,oracle_sharpe_gap,largest_four,540,1440,-0.6,-0.6746642231664965,0.04125467643801495,-0.7604554822436044,-0.5957234858904324,1000,not applicable,Theory benchmark/envelope; no equality claimed for a fixed smooth target.
N300,selected_lambda,full,60,1440,-0.6,-0.5992602169256983,0.10533463767439868,-0.7584467955646371,-0.4850826211099311,1000,not applicable,Theory benchmark/envelope; no equality claimed for a fixed smooth target.
N300,selected_lambda,upper_half,360,1440,-0.6,-1.1927975280039482,0.23761231774159558,-1.7200878370221127,-0.818282194568135,1000,not applicable,Theory benchmark/envelope; no equality claimed for a fixed smooth target.
N300,selected_lambda,largest_four,540,1440,-0.6,-1.6035616117280937,0.15123833832212885,-2.4082360647966476,-1.0627101659515734,1000,not applicable,Theory benchmark/envelope; no equality claimed for a fixed smooth target.
N300,selected_complexity,full,60,1440,0.4,0.08121029185419076,0.037046083003620826,0.015832640726720155,0.16201210578748332,1000,population trace,Theory benchmark/envelope; no equality claimed for a fixed smooth target.
N300,selected_complexity,upper_half,360,1440,0.4,0.2799987930846288,0.09540213033185863,0.134124893613584,0.43238065343146753,1000,population trace,Theory benchmark/envelope; no equality claimed for a fixed smooth target.
N300,selected_complexity,largest_four,540,1440,0.4,0.3461189016389638,0.15847099302170897,0.1397809377881314,0.5923877387795817,1000,population trace,Theory benchmark/envelope; no equality claimed for a fixed smooth target.
N300,oracle_empirical_complexity,full,60,1440,0.4,1.6295344559983176,0.2239356867884766,1.4885095440960237,1.7831076569146784,1000,empirical trace,Theory benchmark/envelope; no equality claimed for a fixed smooth target.
N300,oracle_empirical_complexity,upper_half,360,1440,0.4,0.4492799305335012,0.015231838271484244,0.44831429197438194,0.4502312300783189,1000,empirical trace,Theory benchmark/envelope; no equality claimed for a fixed smooth target.
N300,oracle_empirical_complexity,largest_four,540,1440,0.4,0.4648004320065764,0.022774255425905502,0.4638369486021774,0.465782124486718,1000,empirical trace,Theory benchmark/envelope; no equality claimed for a fixed smooth target.
N300,selected_empirical_complexity,full,60,1440,0.4,0.19477058484677598,0.027400437635069927,0.14665770863881625,0.25362645628217373,1000,empirical trace,Theory benchmark/envelope; no equality claimed for a fixed smooth target.
N300,selected_empirical_complexity,upper_half,360,1440,0.4,0.30127570536794224,0.09537400250802561,0.15898220577391056,0.4495750731789261,1000,empirical trace,Theory benchmark/envelope; no equality claimed for a fixed smooth target.
N300,selected_empirical_complexity,largest_four,540,1440,0.4,0.3626500034642138,0.16019904673696483,0.15703368844808413,0.6014847024022159,1000,empirical trace,Theory benchmark/envelope; no equality claimed for a fixed smooth target.
N300,selected_regret,full,60,1440,-0.6,-0.7341640377180353,0.013339118903026028,-0.7835753985631523,-0.670307036647884,1000,not applicable,Theory benchmark/envelope; no equality claimed for a fixed smooth target.
N300,selected_regret,upper_half,360,1440,-0.6,-0.6473329114279126,0.02553717988182458,-0.7484179461809567,-0.5472199538376243,1000,not applicable,Theory benchmark/envelope; no equality claimed for a fixed smooth target.
N300,selected_regret,largest_four,540,1440,-0.6,-0.644658949768101,0.045680535015476184,-0.7576634108192941,-0.5343829631068959,1000,not applicable,Theory benchmark/envelope; no equality claimed for a fixed smooth target.
N300,selected_sharpe_gap,full,60,1440,-0.6,-0.40963155839133897,0.03622621754596375,-0.4411476307797376,-0.3803579412897361,1000,not applicable,Theory benchmark/envelope; no equality claimed for a fixed smooth target.
N300,selected_sharpe_gap,upper_half,360,1440,-0.6,-0.6201024585826804,0.03980489831579166,-0.7082053880293424,-0.5379251192273315,1000,not applicable,Theory benchmark/envelope; no equality claimed for a fixed smooth target.
N300,selected_sharpe_gap,largest_four,540,1440,-0.6,-0.686692847551357,0.03039966733009871,-0.8196151445172791,-0.5633059187771161,1000,not applicable,Theory benchmark/envelope; no equality claimed for a fixed smooth target.
