T,method,paths,independent_seeds,mean_regret32768,difference8192_minus32768,quadrature_seed_MCSE,certified
60,theory_1,50,4,0.22693294881406256,0.00013896147927759672,0.0002560949051519177,True
90,theory_1,50,4,0.19389625225236945,0.00016407210168491865,0.0002806578271460583,True
120,theory_1,50,4,0.17435832519706806,0.00018024740628070496,0.00029842028752511595,True
180,theory_1,50,4,0.14334341653265248,0.00017652802289599284,0.0003130533923557978,True
240,theory_1,50,4,0.12541488546852633,0.00016871619895887646,0.00031092285605470243,True
360,theory_1,50,4,0.10028667084210618,0.00016557578385198793,0.0003195903679776761,True
540,theory_1,50,4,0.07876645603257426,0.00014604315571428023,0.0003025616678936695,True
720,theory_1,50,4,0.06514895285187124,0.00011575369880038183,0.00029606642839050357,True
1080,theory_1,50,4,0.04978513932536768,0.00010536782685170894,0.0002762165797002112,True
1440,theory_1,50,4,0.04058225015903313,0.0001045964368483563,0.0002600678890769187,True
